,id_provincia,id_edad,Españoles/Extranjeros,Sexo,Año,Total
0,1,1,Españoles,Hombres,2021,27304
1,1,1,Españoles,Hombres,2020,27979
2,1,1,Españoles,Hombres,2019,28513
3,1,1,Españoles,Mujeres,2021,25547
4,1,1,Españoles,Mujeres,2020,25953
5,1,1,Españoles,Mujeres,2019,26515
6,1,1,Extranjeros,Hombres,2021,2452
7,1,1,Extranjeros,Hombres,2020,2445
8,1,1,Extranjeros,Hombres,2019,2278
9,1,1,Extranjeros,Mujeres,2021,2248
10,1,1,Extranjeros,Mujeres,2020,2191
11,1,1,Extranjeros,Mujeres,2019,2157
12,1,2,Españoles,Hombres,2021,118339
13,1,2,Españoles,Hombres,2020,118606
14,1,2,Españoles,Hombres,2019,119164
15,1,2,Españoles,Mujeres,2021,114163
16,1,2,Españoles,Mujeres,2020,114793
17,1,2,Españoles,Mujeres,2019,115270
18,1,2,Extranjeros,Hombres,2021,11655
19,1,2,Extranjeros,Hombres,2020,11488
20,1,2,Extranjeros,Hombres,2019,10695
21,1,2,Extranjeros,Mujeres,2021,9637
22,1,2,Extranjeros,Mujeres,2020,9436
23,1,2,Extranjeros,Mujeres,2019,8781
24,1,3,Españoles,Hombres,2021,33108
25,1,3,Españoles,Hombres,2020,33242
26,1,3,Españoles,Hombres,2019,32971
27,1,3,Españoles,Mujeres,2021,41204
28,1,3,Españoles,Mujeres,2020,41373
29,1,3,Españoles,Mujeres,2019,41148
30,1,3,Extranjeros,Hombres,2021,347
31,1,3,Extranjeros,Hombres,2020,321
32,1,3,Extranjeros,Hombres,2019,290
33,1,3,Extranjeros,Mujeres,2021,460
34,1,3,Extranjeros,Mujeres,2020,443
35,1,3,Extranjeros,Mujeres,2019,385
36,2,1,Españoles,Hombres,2021,121579
37,2,1,Españoles,Hombres,2020,123879
38,2,1,Españoles,Hombres,2019,125807
39,2,1,Españoles,Mujeres,2021,114198
40,2,1,Españoles,Mujeres,2020,116230
41,2,1,Españoles,Mujeres,2019,118118
42,2,1,Extranjeros,Hombres,2021,25690
43,2,1,Extranjeros,Hombres,2020,26167
44,2,1,Extranjeros,Hombres,2019,24426
45,2,1,Extranjeros,Mujeres,2021,24468
46,2,1,Extranjeros,Mujeres,2020,24953
47,2,1,Extranjeros,Mujeres,2019,23344
48,2,2,Españoles,Hombres,2021,490091
49,2,2,Españoles,Hombres,2020,488873
50,2,2,Españoles,Hombres,2019,488464
51,2,2,Españoles,Mujeres,2021,480834
52,2,2,Españoles,Mujeres,2020,480020
53,2,2,Españoles,Mujeres,2019,480081
54,2,2,Extranjeros,Hombres,2021,123928
55,2,2,Extranjeros,Hombres,2020,124773
56,2,2,Extranjeros,Hombres,2019,116977
57,2,2,Extranjeros,Mujeres,2021,122417
58,2,2,Extranjeros,Mujeres,2020,121991
59,2,2,Extranjeros,Mujeres,2019,114914
60,2,3,Españoles,Hombres,2021,132094
61,2,3,Españoles,Hombres,2020,129671
62,2,3,Españoles,Hombres,2019,127087
63,2,3,Españoles,Mujeres,2021,169543
64,2,3,Españoles,Mujeres,2020,166597
65,2,3,Españoles,Mujeres,2019,163672
66,2,3,Extranjeros,Hombres,2021,38636
67,2,3,Extranjeros,Hombres,2020,38493
68,2,3,Extranjeros,Hombres,2019,38154
69,2,3,Extranjeros,Mujeres,2021,38284
70,2,3,Extranjeros,Mujeres,2020,38241
71,2,3,Extranjeros,Mujeres,2019,37639
72,3,1,Españoles,Hombres,2021,52239
73,3,1,Españoles,Hombres,2020,52824
74,3,1,Españoles,Hombres,2019,53087
75,3,1,Españoles,Mujeres,2021,49554
76,3,1,Españoles,Mujeres,2020,50175
77,3,1,Españoles,Mujeres,2019,50402
78,3,1,Extranjeros,Hombres,2021,14310
79,3,1,Extranjeros,Hombres,2020,14105
80,3,1,Extranjeros,Hombres,2019,13280
81,3,1,Extranjeros,Mujeres,2021,13471
82,3,1,Extranjeros,Mujeres,2020,13379
83,3,1,Extranjeros,Mujeres,2019,12602
84,3,2,Españoles,Hombres,2021,190108
85,3,2,Españoles,Hombres,2020,189607
86,3,2,Españoles,Hombres,2019,189308
87,3,2,Españoles,Mujeres,2021,186075
88,3,2,Españoles,Mujeres,2020,185285
89,3,2,Españoles,Mujeres,2019,184805
90,3,2,Extranjeros,Hombres,2021,66062
91,3,2,Extranjeros,Hombres,2020,65918
92,3,2,Extranjeros,Hombres,2019,62493
93,3,2,Extranjeros,Mujeres,2021,48660
94,3,2,Extranjeros,Mujeres,2020,47971
95,3,2,Extranjeros,Mujeres,2019,45278
96,3,3,Españoles,Hombres,2021,43214
97,3,3,Españoles,Hombres,2020,42233
98,3,3,Españoles,Hombres,2019,41168
99,3,3,Españoles,Mujeres,2021,54245
100,3,3,Españoles,Mujeres,2020,53226
101,3,3,Españoles,Mujeres,2019,52142
102,3,3,Extranjeros,Hombres,2021,7203
103,3,3,Extranjeros,Hombres,2020,6871
104,3,3,Extranjeros,Hombres,2019,6365
105,3,3,Extranjeros,Mujeres,2021,6651
106,3,3,Extranjeros,Mujeres,2020,6351
107,3,3,Extranjeros,Mujeres,2019,5890
108,4,1,Españoles,Hombres,2021,23408
109,4,1,Españoles,Hombres,2020,23695
110,4,1,Españoles,Hombres,2019,23942
111,4,1,Españoles,Mujeres,2021,21947
112,4,1,Españoles,Mujeres,2020,22182
113,4,1,Españoles,Mujeres,2019,22401
114,4,1,Extranjeros,Hombres,2021,3069
115,4,1,Extranjeros,Hombres,2020,3252
116,4,1,Extranjeros,Hombres,2019,3121
117,4,1,Extranjeros,Mujeres,2021,2976
118,4,1,Extranjeros,Mujeres,2020,3097
119,4,1,Extranjeros,Mujeres,2019,2934
120,4,2,Españoles,Hombres,2021,93014
121,4,2,Españoles,Hombres,2020,93338
122,4,2,Españoles,Hombres,2019,93644
123,4,2,Españoles,Mujeres,2021,92248
124,4,2,Españoles,Mujeres,2020,92747
125,4,2,Españoles,Mujeres,2019,93074
126,4,2,Extranjeros,Hombres,2021,13012
127,4,2,Extranjeros,Hombres,2020,12870
128,4,2,Extranjeros,Hombres,2019,12095
129,4,2,Extranjeros,Mujeres,2021,12418
130,4,2,Extranjeros,Mujeres,2020,12283
131,4,2,Extranjeros,Mujeres,2019,11437
132,4,3,Españoles,Hombres,2021,31393
133,4,3,Españoles,Hombres,2020,31035
134,4,3,Españoles,Hombres,2019,30425
135,4,3,Españoles,Mujeres,2021,39187
136,4,3,Españoles,Mujeres,2020,38527
137,4,3,Españoles,Mujeres,2019,37728
138,4,3,Extranjeros,Hombres,2021,356
139,4,3,Extranjeros,Hombres,2020,334
140,4,3,Extranjeros,Hombres,2019,272
141,4,3,Extranjeros,Mujeres,2021,598
142,4,3,Extranjeros,Mujeres,2020,580
143,4,3,Extranjeros,Mujeres,2019,476
144,5,1,Españoles,Hombres,2021,56108
145,5,1,Españoles,Hombres,2020,57298
146,5,1,Españoles,Hombres,2019,58440
147,5,1,Españoles,Mujeres,2021,52991
148,5,1,Españoles,Mujeres,2020,54177
149,5,1,Españoles,Mujeres,2019,55289
150,5,1,Extranjeros,Hombres,2021,3079
151,5,1,Extranjeros,Hombres,2020,3158
152,5,1,Extranjeros,Hombres,2019,2871
153,5,1,Extranjeros,Mujeres,2021,2934
154,5,1,Extranjeros,Mujeres,2020,2942
155,5,1,Extranjeros,Mujeres,2019,2737
156,5,2,Españoles,Hombres,2021,293967
157,5,2,Españoles,Hombres,2020,297245
158,5,2,Españoles,Hombres,2019,301546
159,5,2,Españoles,Mujeres,2021,296923
160,5,2,Españoles,Mujeres,2020,300516
161,5,2,Españoles,Mujeres,2019,304914
162,5,2,Extranjeros,Hombres,2021,16886
163,5,2,Extranjeros,Hombres,2020,16903
164,5,2,Extranjeros,Hombres,2019,15609
165,5,2,Extranjeros,Mujeres,2021,20065
166,5,2,Extranjeros,Mujeres,2020,19978
167,5,2,Extranjeros,Mujeres,2019,18401
168,5,3,Españoles,Hombres,2021,111584
169,5,3,Españoles,Hombres,2020,110476
170,5,3,Españoles,Hombres,2019,108815
171,5,3,Españoles,Mujeres,2021,154774
172,5,3,Españoles,Mujeres,2020,153751
173,5,3,Españoles,Mujeres,2019,152170
174,5,3,Extranjeros,Hombres,2021,1041
175,5,3,Extranjeros,Hombres,2020,986
176,5,3,Extranjeros,Hombres,2019,856
177,5,3,Extranjeros,Mujeres,2021,1440
178,5,3,Extranjeros,Mujeres,2020,1354
179,5,3,Extranjeros,Mujeres,2019,1152
180,6,1,Españoles,Hombres,2021,9279
181,6,1,Españoles,Hombres,2020,9370
182,6,1,Españoles,Hombres,2019,9387
183,6,1,Españoles,Mujeres,2021,8638
184,6,1,Españoles,Mujeres,2020,8669
185,6,1,Españoles,Mujeres,2019,8753
186,6,1,Extranjeros,Hombres,2021,1132
187,6,1,Extranjeros,Hombres,2020,1117
188,6,1,Extranjeros,Hombres,2019,988
189,6,1,Extranjeros,Mujeres,2021,1047
190,6,1,Extranjeros,Mujeres,2020,1033
191,6,1,Extranjeros,Mujeres,2019,914
192,6,2,Españoles,Hombres,2021,46251
193,6,2,Españoles,Hombres,2020,45880
194,6,2,Españoles,Hombres,2019,46432
195,6,2,Españoles,Mujeres,2021,42923
196,6,2,Españoles,Mujeres,2020,42511
197,6,2,Españoles,Mujeres,2019,42915
198,6,2,Extranjeros,Hombres,2021,3792
199,6,2,Extranjeros,Hombres,2020,3807
200,6,2,Extranjeros,Hombres,2019,3423
201,6,2,Extranjeros,Mujeres,2021,4142
202,6,2,Extranjeros,Mujeres,2020,4145
203,6,2,Extranjeros,Mujeres,2019,3798
204,6,3,Españoles,Hombres,2021,18938
205,6,3,Españoles,Hombres,2020,18774
206,6,3,Españoles,Hombres,2019,18700
207,6,3,Españoles,Mujeres,2021,21872
208,6,3,Españoles,Mujeres,2020,21988
209,6,3,Españoles,Mujeres,2019,22004
210,6,3,Extranjeros,Hombres,2021,170
211,6,3,Extranjeros,Hombres,2020,161
212,6,3,Extranjeros,Hombres,2019,141
213,6,3,Extranjeros,Mujeres,2021,237
214,6,3,Extranjeros,Mujeres,2020,209
215,6,3,Extranjeros,Mujeres,2019,185
216,7,1,Españoles,Hombres,2021,49620
217,7,1,Españoles,Hombres,2020,50481
218,7,1,Españoles,Hombres,2019,51393
219,7,1,Españoles,Mujeres,2021,46957
220,7,1,Españoles,Mujeres,2020,47847
221,7,1,Españoles,Mujeres,2019,48708
222,7,1,Extranjeros,Hombres,2021,1803
223,7,1,Extranjeros,Hombres,2020,1779
224,7,1,Extranjeros,Hombres,2019,1655
225,7,1,Extranjeros,Mujeres,2021,1666
226,7,1,Extranjeros,Mujeres,2020,1662
227,7,1,Extranjeros,Mujeres,2019,1573
228,7,2,Españoles,Hombres,2021,213216
229,7,2,Españoles,Hombres,2020,214177
230,7,2,Españoles,Hombres,2019,215536
231,7,2,Españoles,Mujeres,2021,206848
232,7,2,Españoles,Mujeres,2020,207509
233,7,2,Españoles,Mujeres,2019,208499
234,7,2,Extranjeros,Hombres,2021,7776
235,7,2,Extranjeros,Hombres,2020,7765
236,7,2,Extranjeros,Hombres,2019,7218
237,7,2,Extranjeros,Mujeres,2021,9086
238,7,2,Extranjeros,Mujeres,2020,8925
239,7,2,Extranjeros,Mujeres,2019,8211
240,7,3,Españoles,Hombres,2021,58162
241,7,3,Españoles,Hombres,2020,57581
242,7,3,Españoles,Hombres,2019,56934
243,7,3,Españoles,Mujeres,2021,73857
244,7,3,Españoles,Mujeres,2020,73512
245,7,3,Españoles,Mujeres,2019,73030
246,7,3,Extranjeros,Hombres,2021,448
247,7,3,Extranjeros,Hombres,2020,421
248,7,3,Extranjeros,Hombres,2019,376
249,7,3,Extranjeros,Mujeres,2021,504
250,7,3,Extranjeros,Mujeres,2020,478
251,7,3,Extranjeros,Mujeres,2019,426
252,8,1,Españoles,Hombres,2021,77855
253,8,1,Españoles,Hombres,2020,79066
254,8,1,Españoles,Hombres,2019,79945
255,8,1,Españoles,Mujeres,2021,73591
256,8,1,Españoles,Mujeres,2020,74641
257,8,1,Españoles,Mujeres,2019,75355
258,8,1,Extranjeros,Hombres,2021,16174
259,8,1,Extranjeros,Hombres,2020,16175
260,8,1,Extranjeros,Hombres,2019,15163
261,8,1,Extranjeros,Mujeres,2021,15394
262,8,1,Extranjeros,Mujeres,2020,15382
263,8,1,Extranjeros,Mujeres,2019,14560
264,8,2,Españoles,Hombres,2021,319697
265,8,2,Españoles,Hombres,2020,319755
266,8,2,Españoles,Hombres,2019,317084
267,8,2,Españoles,Mujeres,2021,310502
268,8,2,Españoles,Mujeres,2020,310582
269,8,2,Españoles,Mujeres,2019,308383
270,8,2,Extranjeros,Hombres,2021,87712
271,8,2,Extranjeros,Hombres,2020,87781
272,8,2,Extranjeros,Hombres,2019,81176
273,8,2,Extranjeros,Mujeres,2021,84721
274,8,2,Extranjeros,Mujeres,2020,84937
275,8,2,Extranjeros,Mujeres,2019,79150
276,8,3,Españoles,Hombres,2021,75923
277,8,3,Españoles,Hombres,2020,74297
278,8,3,Españoles,Hombres,2019,72522
279,8,3,Españoles,Mujeres,2021,95143
280,8,3,Españoles,Mujeres,2020,93167
281,8,3,Españoles,Mujeres,2019,91184
282,8,3,Extranjeros,Hombres,2021,7492
283,8,3,Extranjeros,Hombres,2020,7224
284,8,3,Extranjeros,Hombres,2019,6867
285,8,3,Extranjeros,Mujeres,2021,8804
286,8,3,Extranjeros,Mujeres,2020,8536
287,8,3,Extranjeros,Mujeres,2019,8071
288,9,1,Españoles,Hombres,2021,390709
289,9,1,Españoles,Hombres,2020,400042
290,9,1,Españoles,Hombres,2019,406857
291,9,1,Españoles,Mujeres,2021,368763
292,9,1,Españoles,Mujeres,2020,377523
293,9,1,Españoles,Mujeres,2019,384000
294,9,1,Extranjeros,Hombres,2021,66671
295,9,1,Extranjeros,Hombres,2020,68576
296,9,1,Extranjeros,Hombres,2019,63456
297,9,1,Extranjeros,Mujeres,2021,62530
298,9,1,Extranjeros,Mujeres,2020,64219
299,9,1,Extranjeros,Mujeres,2019,59207
300,9,2,Españoles,Hombres,2021,1506091
301,9,2,Españoles,Hombres,2020,1506464
302,9,2,Españoles,Hombres,2019,1506278
303,9,2,Españoles,Mujeres,2021,1518234
304,9,2,Españoles,Mujeres,2020,1519981
305,9,2,Españoles,Mujeres,2019,1522017
306,9,2,Extranjeros,Hombres,2021,366417
307,9,2,Extranjeros,Hombres,2020,369365
308,9,2,Extranjeros,Hombres,2019,334255
309,9,2,Extranjeros,Mujeres,2021,344414
310,9,2,Extranjeros,Mujeres,2020,349893
311,9,2,Extranjeros,Mujeres,2019,319265
312,9,3,Españoles,Hombres,2021,447928
313,9,3,Españoles,Hombres,2020,446745
314,9,3,Españoles,Hombres,2019,440376
315,9,3,Españoles,Mujeres,2021,611247
316,9,3,Españoles,Mujeres,2020,609089
317,9,3,Españoles,Mujeres,2019,601342
318,9,3,Extranjeros,Hombres,2021,13434
319,9,3,Extranjeros,Hombres,2020,13124
320,9,3,Extranjeros,Hombres,2019,11467
321,9,3,Extranjeros,Mujeres,2021,18292
322,9,3,Extranjeros,Mujeres,2020,18381
323,9,3,Extranjeros,Mujeres,2019,16059
324,10,1,Españoles,Hombres,2021,73949
325,10,1,Españoles,Hombres,2020,75820
326,10,1,Españoles,Hombres,2019,76997
327,10,1,Españoles,Mujeres,2021,69988
328,10,1,Españoles,Mujeres,2020,71793
329,10,1,Españoles,Mujeres,2019,73069
330,10,1,Extranjeros,Hombres,2021,6874
331,10,1,Extranjeros,Hombres,2020,6671
332,10,1,Extranjeros,Hombres,2019,5979
333,10,1,Extranjeros,Mujeres,2021,6277
334,10,1,Extranjeros,Mujeres,2020,6109
335,10,1,Extranjeros,Mujeres,2019,5643
336,10,2,Españoles,Hombres,2021,326914
337,10,2,Españoles,Hombres,2020,329974
338,10,2,Españoles,Hombres,2019,331539
339,10,2,Españoles,Mujeres,2021,327857
340,10,2,Españoles,Mujeres,2020,330830
341,10,2,Españoles,Mujeres,2019,332647
342,10,2,Extranjeros,Hombres,2021,36959
343,10,2,Extranjeros,Hombres,2020,35887
344,10,2,Extranjeros,Hombres,2019,31962
345,10,2,Extranjeros,Mujeres,2021,37062
346,10,2,Extranjeros,Mujeres,2020,36621
347,10,2,Extranjeros,Mujeres,2019,32635
348,10,3,Españoles,Hombres,2021,111756
349,10,3,Españoles,Hombres,2020,110539
350,10,3,Españoles,Hombres,2019,108966
351,10,3,Españoles,Mujeres,2021,154263
352,10,3,Españoles,Mujeres,2020,152936
353,10,3,Españoles,Mujeres,2019,151255
354,10,3,Extranjeros,Hombres,2021,964
355,10,3,Extranjeros,Hombres,2020,907
356,10,3,Extranjeros,Hombres,2019,769
357,10,3,Extranjeros,Mujeres,2021,1471
358,10,3,Extranjeros,Mujeres,2020,1356
359,10,3,Extranjeros,Mujeres,2019,1190
360,11,1,Españoles,Hombres,2021,22330
361,11,1,Españoles,Hombres,2020,22755
362,11,1,Españoles,Hombres,2019,22956
363,11,1,Españoles,Mujeres,2021,21016
364,11,1,Españoles,Mujeres,2020,21490
365,11,1,Españoles,Mujeres,2019,21713
366,11,1,Extranjeros,Hombres,2021,2379
367,11,1,Extranjeros,Hombres,2020,2408
368,11,1,Extranjeros,Hombres,2019,2206
369,11,1,Extranjeros,Mujeres,2021,2321
370,11,1,Extranjeros,Mujeres,2020,2320
371,11,1,Extranjeros,Mujeres,2019,2169
372,11,2,Españoles,Hombres,2021,102439
373,11,2,Españoles,Hombres,2020,103064
374,11,2,Españoles,Hombres,2019,104176
375,11,2,Españoles,Mujeres,2021,96313
376,11,2,Españoles,Mujeres,2020,96836
377,11,2,Españoles,Mujeres,2019,97702
378,11,2,Extranjeros,Hombres,2021,11673
379,11,2,Extranjeros,Hombres,2020,11427
380,11,2,Extranjeros,Hombres,2019,10599
381,11,2,Extranjeros,Mujeres,2021,11521
382,11,2,Extranjeros,Mujeres,2020,11561
383,11,2,Extranjeros,Mujeres,2019,10725
384,11,3,Españoles,Hombres,2021,38651
385,11,3,Españoles,Hombres,2020,38514
386,11,3,Españoles,Hombres,2019,37935
387,11,3,Españoles,Mujeres,2021,46428
388,11,3,Españoles,Mujeres,2020,46365
389,11,3,Españoles,Mujeres,2019,46006
390,11,3,Extranjeros,Hombres,2021,448
391,11,3,Extranjeros,Hombres,2020,410
392,11,3,Extranjeros,Hombres,2019,358
393,11,3,Extranjeros,Mujeres,2021,536
394,11,3,Extranjeros,Mujeres,2020,500
395,11,3,Extranjeros,Mujeres,2019,413
396,12,1,Españoles,Hombres,2021,24590
397,12,1,Españoles,Hombres,2020,25044
398,12,1,Españoles,Hombres,2019,25562
399,12,1,Españoles,Mujeres,2021,23307
400,12,1,Españoles,Mujeres,2020,23815
401,12,1,Españoles,Mujeres,2019,24269
402,12,1,Extranjeros,Hombres,2021,1086
403,12,1,Extranjeros,Hombres,2020,1103
404,12,1,Extranjeros,Hombres,2019,1073
405,12,1,Extranjeros,Mujeres,2021,1049
406,12,1,Extranjeros,Mujeres,2020,1043
407,12,1,Extranjeros,Mujeres,2019,1024
408,12,2,Españoles,Hombres,2021,121601
409,12,2,Españoles,Hombres,2020,122407
410,12,2,Españoles,Hombres,2019,123865
411,12,2,Españoles,Mujeres,2021,116016
412,12,2,Españoles,Mujeres,2020,116563
413,12,2,Españoles,Mujeres,2019,117620
414,12,2,Extranjeros,Hombres,2021,5202
415,12,2,Extranjeros,Hombres,2020,5280
416,12,2,Extranjeros,Hombres,2019,5182
417,12,2,Extranjeros,Mujeres,2021,5343
418,12,2,Extranjeros,Mujeres,2020,5341
419,12,2,Extranjeros,Mujeres,2019,5104
420,12,3,Españoles,Hombres,2021,39996
421,12,3,Españoles,Hombres,2020,39810
422,12,3,Españoles,Hombres,2019,39306
423,12,3,Españoles,Mujeres,2021,50445
424,12,3,Españoles,Mujeres,2020,50574
425,12,3,Españoles,Mujeres,2019,50365
426,12,3,Extranjeros,Hombres,2021,476
427,12,3,Extranjeros,Hombres,2020,440
428,12,3,Extranjeros,Hombres,2019,400
429,12,3,Extranjeros,Mujeres,2021,447
430,12,3,Extranjeros,Mujeres,2020,430
431,12,3,Extranjeros,Mujeres,2019,381
432,13,1,Españoles,Hombres,2021,101111
433,13,1,Españoles,Hombres,2020,103829
434,13,1,Españoles,Hombres,2019,105764
435,13,1,Españoles,Mujeres,2021,95484
436,13,1,Españoles,Mujeres,2020,97682
437,13,1,Españoles,Mujeres,2019,99605
438,13,1,Extranjeros,Hombres,2021,3512
439,13,1,Extranjeros,Hombres,2020,3636
440,13,1,Extranjeros,Hombres,2019,3400
441,13,1,Extranjeros,Mujeres,2021,3522
442,13,1,Extranjeros,Mujeres,2020,3580
443,13,1,Extranjeros,Mujeres,2019,3282
444,13,2,Españoles,Hombres,2021,395620
445,13,2,Españoles,Hombres,2020,395194
446,13,2,Españoles,Hombres,2019,395813
447,13,2,Españoles,Mujeres,2021,393119
448,13,2,Españoles,Mujeres,2020,392676
449,13,2,Españoles,Mujeres,2019,393181
450,13,2,Extranjeros,Hombres,2021,19330
451,13,2,Extranjeros,Hombres,2020,18810
452,13,2,Extranjeros,Hombres,2019,17121
453,13,2,Extranjeros,Mujeres,2021,19772
454,13,2,Extranjeros,Mujeres,2020,19250
455,13,2,Extranjeros,Mujeres,2019,17692
456,13,3,Españoles,Hombres,2021,92185
457,13,3,Españoles,Hombres,2020,89931
458,13,3,Españoles,Hombres,2019,87717
459,13,3,Españoles,Mujeres,2021,117832
460,13,3,Españoles,Mujeres,2020,115267
461,13,3,Españoles,Mujeres,2019,112750
462,13,3,Extranjeros,Hombres,2021,2326
463,13,3,Extranjeros,Hombres,2020,2161
464,13,3,Extranjeros,Hombres,2019,1976
465,13,3,Extranjeros,Mujeres,2021,2147
466,13,3,Extranjeros,Mujeres,2020,2033
467,13,3,Extranjeros,Mujeres,2019,1854
468,14,1,Españoles,Hombres,2021,38393
469,14,1,Españoles,Hombres,2020,39084
470,14,1,Españoles,Hombres,2019,39805
471,14,1,Españoles,Mujeres,2021,36456
472,14,1,Españoles,Mujeres,2020,37283
473,14,1,Españoles,Mujeres,2019,38023
474,14,1,Extranjeros,Hombres,2021,2579
475,14,1,Extranjeros,Hombres,2020,2615
476,14,1,Extranjeros,Hombres,2019,2418
477,14,1,Extranjeros,Mujeres,2021,2538
478,14,1,Extranjeros,Mujeres,2020,2539
479,14,1,Extranjeros,Mujeres,2019,2304
480,14,2,Españoles,Hombres,2021,171958
481,14,2,Españoles,Hombres,2020,171882
482,14,2,Españoles,Hombres,2019,172824
483,14,2,Españoles,Mujeres,2021,171348
484,14,2,Españoles,Mujeres,2020,171035
485,14,2,Españoles,Mujeres,2019,172213
486,14,2,Extranjeros,Hombres,2021,13909
487,14,2,Extranjeros,Hombres,2020,13819
488,14,2,Extranjeros,Hombres,2019,12722
489,14,2,Extranjeros,Mujeres,2021,15310
490,14,2,Extranjeros,Mujeres,2020,15223
491,14,2,Extranjeros,Mujeres,2019,13869
492,14,3,Españoles,Hombres,2021,55806
493,14,3,Españoles,Hombres,2020,54491
494,14,3,Españoles,Hombres,2019,53461
495,14,3,Españoles,Mujeres,2021,74379
496,14,3,Españoles,Mujeres,2020,73234
497,14,3,Españoles,Mujeres,2019,71969
498,14,3,Extranjeros,Hombres,2021,733
499,14,3,Extranjeros,Hombres,2020,668
500,14,3,Extranjeros,Hombres,2019,571
501,14,3,Extranjeros,Mujeres,2021,1098
502,14,3,Extranjeros,Mujeres,2020,1032
503,14,3,Extranjeros,Mujeres,2019,899
504,15,1,Españoles,Hombres,2021,38979
505,15,1,Españoles,Hombres,2020,39596
506,15,1,Españoles,Hombres,2019,40054
507,15,1,Españoles,Mujeres,2021,36743
508,15,1,Españoles,Mujeres,2020,37281
509,15,1,Españoles,Mujeres,2019,37751
510,15,1,Extranjeros,Hombres,2021,8049
511,15,1,Extranjeros,Hombres,2020,8213
512,15,1,Extranjeros,Hombres,2019,7958
513,15,1,Extranjeros,Mujeres,2021,7261
514,15,1,Extranjeros,Mujeres,2020,7416
515,15,1,Extranjeros,Mujeres,2019,7190
516,15,2,Españoles,Hombres,2021,159523
517,15,2,Españoles,Hombres,2020,158997
518,15,2,Españoles,Hombres,2019,158876
519,15,2,Españoles,Mujeres,2021,153080
520,15,2,Españoles,Mujeres,2020,152661
521,15,2,Españoles,Mujeres,2019,152625
522,15,2,Extranjeros,Hombres,2021,33553
523,15,2,Extranjeros,Hombres,2020,33587
524,15,2,Extranjeros,Hombres,2019,31749
525,15,2,Extranjeros,Mujeres,2021,34620
526,15,2,Extranjeros,Mujeres,2020,34527
527,15,2,Extranjeros,Mujeres,2019,32546
528,15,3,Españoles,Hombres,2021,48716
529,15,3,Españoles,Hombres,2020,48030
530,15,3,Españoles,Hombres,2019,47314
531,15,3,Españoles,Mujeres,2021,60878
532,15,3,Españoles,Mujeres,2020,60033
533,15,3,Españoles,Mujeres,2019,59231
534,15,3,Extranjeros,Hombres,2021,2595
535,15,3,Extranjeros,Hombres,2020,2376
536,15,3,Extranjeros,Hombres,2019,2126
537,15,3,Extranjeros,Mujeres,2021,3067
538,15,3,Extranjeros,Mujeres,2020,2873
539,15,3,Extranjeros,Mujeres,2019,2542
540,16,1,Españoles,Hombres,2021,34558
541,16,1,Españoles,Hombres,2020,35290
542,16,1,Españoles,Hombres,2019,35791
543,16,1,Españoles,Mujeres,2021,32927
544,16,1,Españoles,Mujeres,2020,33501
545,16,1,Españoles,Mujeres,2019,34087
546,16,1,Extranjeros,Hombres,2021,2796
547,16,1,Extranjeros,Hombres,2020,2868
548,16,1,Extranjeros,Hombres,2019,2772
549,16,1,Extranjeros,Mujeres,2021,2641
550,16,1,Extranjeros,Mujeres,2020,2668
551,16,1,Extranjeros,Mujeres,2019,2608
552,16,2,Españoles,Hombres,2021,150339
553,16,2,Españoles,Hombres,2020,150541
554,16,2,Españoles,Hombres,2019,151651
555,16,2,Españoles,Mujeres,2021,144496
556,16,2,Españoles,Mujeres,2020,144851
557,16,2,Españoles,Mujeres,2019,146008
558,16,2,Extranjeros,Hombres,2021,12755
559,16,2,Extranjeros,Hombres,2020,12612
560,16,2,Extranjeros,Hombres,2019,11486
561,16,2,Extranjeros,Mujeres,2021,12061
562,16,2,Extranjeros,Mujeres,2020,12018
563,16,2,Extranjeros,Mujeres,2019,11253
564,16,3,Españoles,Hombres,2021,42929
565,16,3,Españoles,Hombres,2020,43184
566,16,3,Españoles,Hombres,2019,42885
567,16,3,Españoles,Mujeres,2021,56147
568,16,3,Españoles,Mujeres,2020,56655
569,16,3,Españoles,Mujeres,2019,56492
570,16,3,Extranjeros,Hombres,2021,386
571,16,3,Extranjeros,Hombres,2020,347
572,16,3,Extranjeros,Hombres,2019,292
573,16,3,Extranjeros,Mujeres,2021,556
574,16,3,Extranjeros,Mujeres,2020,510
575,16,3,Extranjeros,Mujeres,2019,436
576,17,1,Españoles,Hombres,2021,59029
577,17,1,Españoles,Hombres,2020,60452
578,17,1,Españoles,Hombres,2019,61585
579,17,1,Españoles,Mujeres,2021,55624
580,17,1,Españoles,Mujeres,2020,56893
581,17,1,Españoles,Mujeres,2019,57948
582,17,1,Extranjeros,Hombres,2021,1721
583,17,1,Extranjeros,Hombres,2020,1826
584,17,1,Extranjeros,Hombres,2019,1668
585,17,1,Extranjeros,Mujeres,2021,1567
586,17,1,Extranjeros,Mujeres,2020,1697
587,17,1,Extranjeros,Mujeres,2019,1593
588,17,2,Españoles,Hombres,2021,245710
589,17,2,Españoles,Hombres,2020,247127
590,17,2,Españoles,Hombres,2019,248376
591,17,2,Españoles,Mujeres,2021,241627
592,17,2,Españoles,Mujeres,2020,242985
593,17,2,Españoles,Mujeres,2019,244282
594,17,2,Extranjeros,Hombres,2021,8029
595,17,2,Extranjeros,Hombres,2020,8340
596,17,2,Extranjeros,Hombres,2019,8107
597,17,2,Extranjeros,Mujeres,2021,9492
598,17,2,Extranjeros,Mujeres,2020,9665
599,17,2,Extranjeros,Mujeres,2019,8876
600,17,3,Españoles,Hombres,2021,65501
601,17,3,Españoles,Hombres,2020,64690
602,17,3,Españoles,Hombres,2019,63664
603,17,3,Españoles,Mujeres,2021,87453
604,17,3,Españoles,Mujeres,2020,86792
605,17,3,Españoles,Mujeres,2019,86021
606,17,3,Extranjeros,Hombres,2021,483
607,17,3,Extranjeros,Hombres,2020,451
608,17,3,Extranjeros,Hombres,2019,390
609,17,3,Extranjeros,Mujeres,2021,553
610,17,3,Extranjeros,Mujeres,2020,533
611,17,3,Extranjeros,Mujeres,2019,469
612,18,1,Españoles,Hombres,2021,69937
613,18,1,Españoles,Hombres,2020,71188
614,18,1,Españoles,Hombres,2019,72128
615,18,1,Españoles,Mujeres,2021,65916
616,18,1,Españoles,Mujeres,2020,66983
617,18,1,Españoles,Mujeres,2019,67916
618,18,1,Extranjeros,Hombres,2021,2926
619,18,1,Extranjeros,Hombres,2020,2874
620,18,1,Extranjeros,Hombres,2019,2502
621,18,1,Extranjeros,Mujeres,2021,2738
622,18,1,Extranjeros,Mujeres,2020,2683
623,18,1,Extranjeros,Mujeres,2019,2349
624,18,2,Españoles,Hombres,2021,327408
625,18,2,Españoles,Hombres,2020,328955
626,18,2,Españoles,Hombres,2019,330911
627,18,2,Españoles,Mujeres,2021,333264
628,18,2,Españoles,Mujeres,2020,335013
629,18,2,Españoles,Mujeres,2019,337395
630,18,2,Extranjeros,Hombres,2021,16739
631,18,2,Extranjeros,Hombres,2020,16426
632,18,2,Extranjeros,Hombres,2019,14500
633,18,2,Extranjeros,Mujeres,2021,18857
634,18,2,Extranjeros,Mujeres,2020,18461
635,18,2,Extranjeros,Mujeres,2019,16531
636,18,3,Españoles,Hombres,2021,118885
637,18,3,Españoles,Hombres,2020,117260
638,18,3,Españoles,Hombres,2019,115501
639,18,3,Españoles,Mujeres,2021,160778
640,18,3,Españoles,Mujeres,2020,159364
641,18,3,Españoles,Mujeres,2019,157638
642,18,3,Extranjeros,Hombres,2021,1109
643,18,3,Extranjeros,Hombres,2020,1078
644,18,3,Extranjeros,Hombres,2019,928
645,18,3,Extranjeros,Mujeres,2021,1577
646,18,3,Extranjeros,Mujeres,2020,1530
647,18,3,Extranjeros,Mujeres,2019,1297
648,19,1,Españoles,Hombres,2021,10857
649,19,1,Españoles,Hombres,2020,10996
650,19,1,Españoles,Hombres,2019,11236
651,19,1,Españoles,Mujeres,2021,10481
652,19,1,Españoles,Mujeres,2020,10658
653,19,1,Españoles,Mujeres,2019,10956
654,19,1,Extranjeros,Hombres,2021,2156
655,19,1,Extranjeros,Hombres,2020,2140
656,19,1,Extranjeros,Hombres,2019,2058
657,19,1,Extranjeros,Mujeres,2021,2119
658,19,1,Extranjeros,Mujeres,2020,2071
659,19,1,Extranjeros,Mujeres,2019,1981
660,19,2,Españoles,Hombres,2021,55942
661,19,2,Españoles,Hombres,2020,55917
662,19,2,Españoles,Hombres,2019,56430
663,19,2,Españoles,Mujeres,2021,51596
664,19,2,Españoles,Mujeres,2020,51410
665,19,2,Españoles,Mujeres,2019,51754
666,19,2,Extranjeros,Hombres,2021,8935
667,19,2,Extranjeros,Hombres,2020,8867
668,19,2,Extranjeros,Hombres,2019,8203
669,19,2,Extranjeros,Mujeres,2021,8532
670,19,2,Extranjeros,Mujeres,2020,8511
671,19,2,Extranjeros,Mujeres,2019,7872
672,19,3,Españoles,Hombres,2021,19987
673,19,3,Españoles,Hombres,2020,20286
674,19,3,Españoles,Hombres,2019,20433
675,19,3,Españoles,Mujeres,2021,24326
676,19,3,Españoles,Mujeres,2020,24741
677,19,3,Españoles,Mujeres,2019,24949
678,19,3,Extranjeros,Hombres,2021,241
679,19,3,Extranjeros,Hombres,2020,224
680,19,3,Extranjeros,Hombres,2019,182
681,19,3,Extranjeros,Mujeres,2021,344
682,19,3,Extranjeros,Mujeres,2020,318
683,19,3,Extranjeros,Mujeres,2019,275
684,20,1,Españoles,Hombres,2021,50212
685,20,1,Españoles,Hombres,2020,51302
686,20,1,Españoles,Hombres,2019,52413
687,20,1,Españoles,Mujeres,2021,47546
688,20,1,Españoles,Mujeres,2020,48607
689,20,1,Españoles,Mujeres,2019,49541
690,20,1,Extranjeros,Hombres,2021,5062
691,20,1,Extranjeros,Hombres,2020,5127
692,20,1,Extranjeros,Hombres,2019,4822
693,20,1,Extranjeros,Mujeres,2021,4690
694,20,1,Extranjeros,Mujeres,2020,4726
695,20,1,Extranjeros,Mujeres,2019,4390
696,20,2,Españoles,Hombres,2021,203882
697,20,2,Españoles,Hombres,2020,204684
698,20,2,Españoles,Hombres,2019,205401
699,20,2,Españoles,Mujeres,2021,200437
700,20,2,Españoles,Mujeres,2020,200937
701,20,2,Españoles,Mujeres,2019,201907
702,20,2,Extranjeros,Hombres,2021,24570
703,20,2,Extranjeros,Hombres,2020,24000
704,20,2,Extranjeros,Hombres,2019,21967
705,20,2,Extranjeros,Mujeres,2021,24617
706,20,2,Extranjeros,Mujeres,2020,24520
707,20,2,Extranjeros,Mujeres,2019,22471
708,20,3,Españoles,Hombres,2021,70110
709,20,3,Españoles,Hombres,2020,69219
710,20,3,Españoles,Hombres,2019,68054
711,20,3,Españoles,Mujeres,2021,92868
712,20,3,Españoles,Mujeres,2020,92087
713,20,3,Españoles,Mujeres,2019,90965
714,20,3,Extranjeros,Hombres,2021,881
715,20,3,Extranjeros,Hombres,2020,798
716,20,3,Extranjeros,Hombres,2019,706
717,20,3,Extranjeros,Mujeres,2021,1158
718,20,3,Extranjeros,Mujeres,2020,1114
719,20,3,Extranjeros,Mujeres,2019,939
720,21,1,Españoles,Hombres,2021,53471
721,21,1,Españoles,Hombres,2020,53828
722,21,1,Españoles,Hombres,2019,54248
723,21,1,Españoles,Mujeres,2021,50482
724,21,1,Españoles,Mujeres,2020,50953
725,21,1,Españoles,Mujeres,2019,51376
726,21,1,Extranjeros,Hombres,2021,13802
727,21,1,Extranjeros,Hombres,2020,14334
728,21,1,Extranjeros,Hombres,2019,13971
729,21,1,Extranjeros,Mujeres,2021,13105
730,21,1,Extranjeros,Mujeres,2020,13514
731,21,1,Extranjeros,Mujeres,2019,13168
732,21,2,Españoles,Hombres,2021,197933
733,21,2,Españoles,Hombres,2020,196297
734,21,2,Españoles,Hombres,2019,195944
735,21,2,Españoles,Mujeres,2021,192809
736,21,2,Españoles,Mujeres,2020,190821
737,21,2,Españoles,Mujeres,2019,190175
738,21,2,Extranjeros,Hombres,2021,64181
739,21,2,Extranjeros,Hombres,2020,63955
740,21,2,Extranjeros,Hombres,2019,59832
741,21,2,Extranjeros,Mujeres,2021,57456
742,21,2,Extranjeros,Mujeres,2020,57646
743,21,2,Extranjeros,Mujeres,2019,54906
744,21,3,Españoles,Hombres,2021,58981
745,21,3,Españoles,Hombres,2020,57653
746,21,3,Españoles,Hombres,2019,56410
747,21,3,Españoles,Mujeres,2021,72890
748,21,3,Españoles,Mujeres,2020,71801
749,21,3,Españoles,Mujeres,2019,70583
750,21,3,Extranjeros,Hombres,2021,5401
751,21,3,Extranjeros,Hombres,2020,5116
752,21,3,Extranjeros,Hombres,2019,4893
753,21,3,Extranjeros,Mujeres,2021,6085
754,21,3,Extranjeros,Mujeres,2020,5870
755,21,3,Extranjeros,Mujeres,2019,5538
756,22,1,Españoles,Hombres,2021,68986
757,22,1,Españoles,Hombres,2020,70402
758,22,1,Españoles,Hombres,2019,71218
759,22,1,Españoles,Mujeres,2021,65314
760,22,1,Españoles,Mujeres,2020,66405
761,22,1,Españoles,Mujeres,2019,67243
762,22,1,Extranjeros,Hombres,2021,4705
763,22,1,Extranjeros,Hombres,2020,4640
764,22,1,Extranjeros,Hombres,2019,4280
765,22,1,Extranjeros,Mujeres,2021,4524
766,22,1,Extranjeros,Mujeres,2020,4383
767,22,1,Extranjeros,Mujeres,2019,4016
768,22,2,Españoles,Hombres,2021,279104
769,22,2,Españoles,Hombres,2020,278728
770,22,2,Españoles,Hombres,2019,279046
771,22,2,Españoles,Mujeres,2021,277717
772,22,2,Españoles,Mujeres,2020,277335
773,22,2,Españoles,Mujeres,2019,277519
774,22,2,Extranjeros,Hombres,2021,27404
775,22,2,Extranjeros,Hombres,2020,26360
776,22,2,Extranjeros,Hombres,2019,24732
777,22,2,Extranjeros,Mujeres,2021,25281
778,22,2,Extranjeros,Mujeres,2020,24384
779,22,2,Extranjeros,Mujeres,2019,22594
780,22,3,Españoles,Hombres,2021,70787
781,22,3,Españoles,Hombres,2020,69771
782,22,3,Españoles,Hombres,2019,68599
783,22,3,Españoles,Mujeres,2021,92056
784,22,3,Españoles,Mujeres,2020,91372
785,22,3,Españoles,Mujeres,2019,90084
786,22,3,Extranjeros,Hombres,2021,2697
787,22,3,Extranjeros,Hombres,2020,2694
788,22,3,Extranjeros,Hombres,2019,2680
789,22,3,Extranjeros,Mujeres,2021,2763
790,22,3,Extranjeros,Mujeres,2020,2694
791,22,3,Extranjeros,Mujeres,2019,2667
792,23,1,Españoles,Hombres,2021,19872
793,23,1,Españoles,Hombres,2020,19939
794,23,1,Españoles,Hombres,2019,20148
795,23,1,Españoles,Mujeres,2021,18879
796,23,1,Españoles,Mujeres,2020,19001
797,23,1,Españoles,Mujeres,2019,19231
798,23,1,Extranjeros,Hombres,2021,3443
799,23,1,Extranjeros,Hombres,2020,3398
800,23,1,Extranjeros,Hombres,2019,3151
801,23,1,Extranjeros,Mujeres,2021,3148
802,23,1,Extranjeros,Mujeres,2020,3092
803,23,1,Extranjeros,Mujeres,2019,2909
804,23,2,Españoles,Hombres,2021,77272
805,23,2,Españoles,Hombres,2020,75941
806,23,2,Españoles,Hombres,2019,75205
807,23,2,Españoles,Mujeres,2021,71877
808,23,2,Españoles,Mujeres,2020,70600
809,23,2,Españoles,Mujeres,2019,70015
810,23,2,Extranjeros,Hombres,2021,14326
811,23,2,Extranjeros,Hombres,2020,14086
812,23,2,Extranjeros,Hombres,2019,12995
813,23,2,Extranjeros,Mujeres,2021,13974
814,23,2,Extranjeros,Mujeres,2020,13698
815,23,2,Extranjeros,Mujeres,2019,12739
816,23,3,Españoles,Hombres,2021,19183
817,23,3,Españoles,Hombres,2020,19006
818,23,3,Españoles,Hombres,2019,18616
819,23,3,Españoles,Mujeres,2021,22259
820,23,3,Españoles,Mujeres,2020,21999
821,23,3,Españoles,Mujeres,2019,21681
822,23,3,Extranjeros,Hombres,2021,528
823,23,3,Extranjeros,Hombres,2020,469
824,23,3,Extranjeros,Hombres,2019,419
825,23,3,Extranjeros,Mujeres,2021,827
826,23,3,Extranjeros,Mujeres,2020,766
827,23,3,Extranjeros,Mujeres,2019,653
828,24,1,Españoles,Hombres,2021,40100
829,24,1,Españoles,Hombres,2020,40738
830,24,1,Españoles,Hombres,2019,41364
831,24,1,Españoles,Mujeres,2021,37778
832,24,1,Españoles,Mujeres,2020,38263
833,24,1,Españoles,Mujeres,2019,38791
834,24,1,Extranjeros,Hombres,2021,3376
835,24,1,Extranjeros,Hombres,2020,3348
836,24,1,Extranjeros,Hombres,2019,3145
837,24,1,Extranjeros,Mujeres,2021,3036
838,24,1,Extranjeros,Mujeres,2020,3061
839,24,1,Extranjeros,Mujeres,2019,2876
840,24,2,Españoles,Hombres,2021,157874
841,24,2,Españoles,Hombres,2020,157764
842,24,2,Españoles,Hombres,2019,158091
843,24,2,Españoles,Mujeres,2021,153436
844,24,2,Españoles,Mujeres,2020,153541
845,24,2,Españoles,Mujeres,2019,153620
846,24,2,Extranjeros,Hombres,2021,19197
847,24,2,Extranjeros,Hombres,2020,18557
848,24,2,Extranjeros,Hombres,2019,17489
849,24,2,Extranjeros,Mujeres,2021,20809
850,24,2,Extranjeros,Mujeres,2020,20653
851,24,2,Extranjeros,Mujeres,2019,19664
852,24,3,Españoles,Hombres,2021,39046
853,24,3,Españoles,Hombres,2020,38161
854,24,3,Españoles,Hombres,2019,37463
855,24,3,Españoles,Mujeres,2021,49297
856,24,3,Españoles,Mujeres,2020,48431
857,24,3,Españoles,Mujeres,2019,47703
858,24,3,Extranjeros,Hombres,2021,988
859,24,3,Extranjeros,Hombres,2020,928
860,24,3,Extranjeros,Hombres,2019,861
861,24,3,Extranjeros,Mujeres,2021,898
862,24,3,Extranjeros,Mujeres,2020,833
863,24,3,Extranjeros,Mujeres,2019,803
864,25,1,Españoles,Hombres,2021,13906
865,25,1,Españoles,Hombres,2020,14036
866,25,1,Españoles,Hombres,2019,14118
867,25,1,Españoles,Mujeres,2021,13365
868,25,1,Españoles,Mujeres,2020,13550
869,25,1,Españoles,Mujeres,2019,13659
870,25,1,Extranjeros,Hombres,2021,2527
871,25,1,Extranjeros,Hombres,2020,2475
872,25,1,Extranjeros,Hombres,2019,2214
873,25,1,Extranjeros,Mujeres,2021,2187
874,25,1,Extranjeros,Mujeres,2020,2111
875,25,1,Extranjeros,Mujeres,2019,1947
876,25,2,Españoles,Hombres,2021,61843
877,25,2,Españoles,Hombres,2020,61476
878,25,2,Españoles,Hombres,2019,61867
879,25,2,Españoles,Mujeres,2021,56913
880,25,2,Españoles,Mujeres,2020,56638
881,25,2,Españoles,Mujeres,2019,56932
882,25,2,Extranjeros,Hombres,2021,12502
883,25,2,Extranjeros,Hombres,2020,11895
884,25,2,Extranjeros,Hombres,2019,10611
885,25,2,Extranjeros,Mujeres,2021,10725
886,25,2,Extranjeros,Mujeres,2020,10550
887,25,2,Extranjeros,Mujeres,2019,9615
888,25,3,Españoles,Hombres,2021,22436
889,25,3,Españoles,Hombres,2020,22248
890,25,3,Españoles,Hombres,2019,22098
891,25,3,Españoles,Mujeres,2021,26977
892,25,3,Españoles,Mujeres,2020,26914
893,25,3,Españoles,Mujeres,2019,26711
894,25,3,Extranjeros,Hombres,2021,393
895,25,3,Extranjeros,Hombres,2020,349
896,25,3,Extranjeros,Hombres,2019,320
897,25,3,Extranjeros,Mujeres,2021,490
898,25,3,Extranjeros,Mujeres,2020,445
899,25,3,Extranjeros,Mujeres,2019,369
900,26,1,Españoles,Hombres,2021,45957
901,26,1,Españoles,Hombres,2020,46775
902,26,1,Españoles,Hombres,2019,48148
903,26,1,Españoles,Mujeres,2021,43570
904,26,1,Españoles,Mujeres,2020,44371
905,26,1,Españoles,Mujeres,2019,45724
906,26,1,Extranjeros,Hombres,2021,1246
907,26,1,Extranjeros,Hombres,2020,1187
908,26,1,Extranjeros,Hombres,2019,1105
909,26,1,Extranjeros,Mujeres,2021,1144
910,26,1,Extranjeros,Mujeres,2020,1109
911,26,1,Extranjeros,Mujeres,2019,1080
912,26,2,Españoles,Hombres,2021,202720
913,26,2,Españoles,Hombres,2020,203969
914,26,2,Españoles,Hombres,2019,205221
915,26,2,Españoles,Mujeres,2021,195671
916,26,2,Españoles,Mujeres,2020,196708
917,26,2,Españoles,Mujeres,2019,198108
918,26,2,Extranjeros,Hombres,2021,7305
919,26,2,Extranjeros,Hombres,2020,7188
920,26,2,Extranjeros,Hombres,2019,6811
921,26,2,Extranjeros,Mujeres,2021,6362
922,26,2,Extranjeros,Mujeres,2020,6178
923,26,2,Extranjeros,Mujeres,2019,5695
924,26,3,Españoles,Hombres,2021,52681
925,26,3,Españoles,Hombres,2020,52876
926,26,3,Españoles,Hombres,2019,51736
927,26,3,Españoles,Mujeres,2021,69691
928,26,3,Españoles,Mujeres,2020,70269
929,26,3,Españoles,Mujeres,2019,69255
930,26,3,Extranjeros,Hombres,2021,414
931,26,3,Extranjeros,Hombres,2020,369
932,26,3,Extranjeros,Hombres,2019,335
933,26,3,Extranjeros,Mujeres,2021,429
934,26,3,Extranjeros,Mujeres,2020,382
935,26,3,Extranjeros,Mujeres,2019,346
936,27,1,Españoles,Hombres,2021,24361
937,27,1,Españoles,Hombres,2020,24920
938,27,1,Españoles,Hombres,2019,25452
939,27,1,Españoles,Mujeres,2021,23011
940,27,1,Españoles,Mujeres,2020,23546
941,27,1,Españoles,Mujeres,2019,24195
942,27,1,Extranjeros,Hombres,2021,1472
943,27,1,Extranjeros,Hombres,2020,1540
944,27,1,Extranjeros,Hombres,2019,1426
945,27,1,Extranjeros,Mujeres,2021,1350
946,27,1,Extranjeros,Mujeres,2020,1388
947,27,1,Extranjeros,Mujeres,2019,1310
948,27,2,Españoles,Hombres,2021,131790
949,27,2,Españoles,Hombres,2020,133505
950,27,2,Españoles,Hombres,2019,135742
951,27,2,Españoles,Mujeres,2021,128735
952,27,2,Españoles,Mujeres,2020,130098
953,27,2,Españoles,Mujeres,2019,132010
954,27,2,Extranjeros,Hombres,2021,7783
955,27,2,Extranjeros,Hombres,2020,7831
956,27,2,Extranjeros,Hombres,2019,7469
957,27,2,Extranjeros,Mujeres,2021,8479
958,27,2,Extranjeros,Mujeres,2020,8503
959,27,2,Extranjeros,Mujeres,2019,8010
960,27,3,Españoles,Hombres,2021,53623
961,27,3,Españoles,Hombres,2020,53632
962,27,3,Españoles,Hombres,2019,53261
963,27,3,Españoles,Mujeres,2021,69955
964,27,3,Españoles,Mujeres,2020,70393
965,27,3,Españoles,Mujeres,2019,70232
966,27,3,Extranjeros,Hombres,2021,503
967,27,3,Extranjeros,Hombres,2020,476
968,27,3,Extranjeros,Hombres,2019,394
969,27,3,Extranjeros,Mujeres,2021,644
970,27,3,Extranjeros,Mujeres,2020,607
971,27,3,Extranjeros,Mujeres,2019,500
972,28,1,Españoles,Hombres,2021,28030
973,28,1,Españoles,Hombres,2020,28437
974,28,1,Españoles,Hombres,2019,28783
975,28,1,Españoles,Mujeres,2021,26824
976,28,1,Españoles,Mujeres,2020,27246
977,28,1,Españoles,Mujeres,2019,27569
978,28,1,Extranjeros,Hombres,2021,7536
979,28,1,Extranjeros,Hombres,2020,7428
980,28,1,Extranjeros,Hombres,2019,7067
981,28,1,Extranjeros,Mujeres,2021,6948
982,28,1,Extranjeros,Mujeres,2020,6810
983,28,1,Extranjeros,Mujeres,2019,6464
984,28,2,Españoles,Hombres,2021,112903
985,28,2,Españoles,Hombres,2020,112990
986,28,2,Españoles,Hombres,2019,113309
987,28,2,Españoles,Mujeres,2021,106731
988,28,2,Españoles,Mujeres,2020,106669
989,28,2,Españoles,Mujeres,2019,107028
990,28,2,Extranjeros,Hombres,2021,37523
991,28,2,Extranjeros,Hombres,2020,36665
992,28,2,Extranjeros,Hombres,2019,34510
993,28,2,Extranjeros,Mujeres,2021,27396
994,28,2,Extranjeros,Mujeres,2020,27110
995,28,2,Extranjeros,Mujeres,2019,26048
996,28,3,Españoles,Hombres,2021,37246
997,28,3,Españoles,Hombres,2020,36992
998,28,3,Españoles,Hombres,2019,36525
999,28,3,Españoles,Mujeres,2021,46601
1000,28,3,Españoles,Mujeres,2020,46350
1001,28,3,Españoles,Mujeres,2019,46074
1002,28,3,Extranjeros,Hombres,2021,918
1003,28,3,Extranjeros,Hombres,2020,811
1004,28,3,Extranjeros,Hombres,2019,684
1005,28,3,Extranjeros,Mujeres,2021,1071
1006,28,3,Extranjeros,Mujeres,2020,1009
1007,28,3,Extranjeros,Mujeres,2019,869
1008,29,1,Españoles,Hombres,2021,16550
1009,29,1,Españoles,Hombres,2020,16811
1010,29,1,Españoles,Hombres,2019,17022
1011,29,1,Españoles,Mujeres,2021,15987
1012,29,1,Españoles,Mujeres,2020,16158
1013,29,1,Españoles,Mujeres,2019,16504
1014,29,1,Extranjeros,Hombres,2021,1188
1015,29,1,Extranjeros,Hombres,2020,1188
1016,29,1,Extranjeros,Hombres,2019,1046
1017,29,1,Extranjeros,Mujeres,2021,1187
1018,29,1,Extranjeros,Mujeres,2020,1183
1019,29,1,Extranjeros,Mujeres,2019,1095
1020,29,2,Españoles,Hombres,2021,90821
1021,29,2,Españoles,Hombres,2020,91988
1022,29,2,Españoles,Hombres,2019,93522
1023,29,2,Españoles,Mujeres,2021,90412
1024,29,2,Españoles,Mujeres,2020,91331
1025,29,2,Españoles,Mujeres,2019,92561
1026,29,2,Extranjeros,Hombres,2021,6740
1027,29,2,Extranjeros,Hombres,2020,6600
1028,29,2,Extranjeros,Hombres,2019,6073
1029,29,2,Extranjeros,Mujeres,2021,6629
1030,29,2,Extranjeros,Mujeres,2020,6468
1031,29,2,Extranjeros,Mujeres,2019,5760
1032,29,3,Españoles,Hombres,2021,42259
1033,29,3,Españoles,Hombres,2020,41937
1034,29,3,Españoles,Hombres,2019,41749
1035,29,3,Españoles,Mujeres,2021,53471
1036,29,3,Españoles,Mujeres,2020,53568
1037,29,3,Españoles,Mujeres,2019,53645
1038,29,3,Extranjeros,Hombres,2021,334
1039,29,3,Extranjeros,Hombres,2020,318
1040,29,3,Extranjeros,Hombres,2019,274
1041,29,3,Extranjeros,Mujeres,2021,435
1042,29,3,Extranjeros,Mujeres,2020,396
1043,29,3,Extranjeros,Mujeres,2019,336
1044,30,1,Españoles,Hombres,2021,474314
1045,30,1,Españoles,Hombres,2020,486075
1046,30,1,Españoles,Hombres,2019,490790
1047,30,1,Españoles,Mujeres,2021,450470
1048,30,1,Españoles,Mujeres,2020,460860
1049,30,1,Españoles,Mujeres,2019,465776
1050,30,1,Extranjeros,Hombres,2021,69960
1051,30,1,Extranjeros,Hombres,2020,70360
1052,30,1,Extranjeros,Hombres,2019,66003
1053,30,1,Extranjeros,Mujeres,2021,66546
1054,30,1,Extranjeros,Mujeres,2020,66970
1055,30,1,Extranjeros,Mujeres,2019,62715
1056,30,2,Españoles,Hombres,2021,1816835
1057,30,2,Españoles,Hombres,2020,1819532
1058,30,2,Españoles,Hombres,2019,1802900
1059,30,2,Españoles,Mujeres,2021,1882170
1060,30,2,Españoles,Mujeres,2020,1887871
1061,30,2,Españoles,Mujeres,2019,1874951
1062,30,2,Extranjeros,Hombres,2021,365625
1063,30,2,Extranjeros,Hombres,2020,365376
1064,30,2,Extranjeros,Hombres,2019,337049
1065,30,2,Extranjeros,Mujeres,2021,412235
1066,30,2,Extranjeros,Mujeres,2020,414106
1067,30,2,Extranjeros,Mujeres,2019,382171
1068,30,3,Españoles,Hombres,2021,487169
1069,30,3,Españoles,Hombres,2020,487396
1070,30,3,Españoles,Hombres,2019,477538
1071,30,3,Españoles,Mujeres,2021,685171
1072,30,3,Españoles,Mujeres,2020,682440
1073,30,3,Españoles,Mujeres,2019,669620
1074,30,3,Extranjeros,Hombres,2021,15797
1075,30,3,Extranjeros,Hombres,2020,15054
1076,30,3,Extranjeros,Hombres,2019,13032
1077,30,3,Extranjeros,Mujeres,2021,24959
1078,30,3,Extranjeros,Mujeres,2020,23848
1079,30,3,Extranjeros,Mujeres,2019,20849
1080,31,1,Españoles,Hombres,2021,123113
1081,31,1,Españoles,Hombres,2020,125153
1082,31,1,Españoles,Hombres,2019,126511
1083,31,1,Españoles,Mujeres,2021,116610
1084,31,1,Españoles,Mujeres,2020,118457
1085,31,1,Españoles,Mujeres,2019,120099
1086,31,1,Extranjeros,Hombres,2021,17393
1087,31,1,Extranjeros,Hombres,2020,17817
1088,31,1,Extranjeros,Hombres,2019,16675
1089,31,1,Extranjeros,Mujeres,2021,16519
1090,31,1,Extranjeros,Mujeres,2020,16807
1091,31,1,Extranjeros,Mujeres,2019,15696
1092,31,2,Españoles,Hombres,2021,463676
1093,31,2,Españoles,Hombres,2020,461337
1094,31,2,Españoles,Hombres,2019,459456
1095,31,2,Españoles,Mujeres,2021,466559
1096,31,2,Españoles,Mujeres,2020,464026
1097,31,2,Españoles,Mujeres,2019,461876
1098,31,2,Extranjeros,Hombres,2021,90555
1099,31,2,Extranjeros,Hombres,2020,89334
1100,31,2,Extranjeros,Hombres,2019,83671
1101,31,2,Extranjeros,Mujeres,2021,99045
1102,31,2,Extranjeros,Mujeres,2020,98001
1103,31,2,Extranjeros,Mujeres,2019,91250
1104,31,3,Españoles,Hombres,2021,110561
1105,31,3,Españoles,Hombres,2020,107671
1106,31,3,Españoles,Hombres,2019,104967
1107,31,3,Españoles,Mujeres,2021,142131
1108,31,3,Españoles,Mujeres,2020,139070
1109,31,3,Españoles,Mujeres,2019,135723
1110,31,3,Extranjeros,Hombres,2021,24678
1111,31,3,Extranjeros,Hombres,2020,24138
1112,31,3,Extranjeros,Hombres,2019,23069
1113,31,3,Extranjeros,Mujeres,2021,24811
1114,31,3,Extranjeros,Mujeres,2020,24109
1115,31,3,Extranjeros,Mujeres,2019,22792
1116,32,1,Españoles,Hombres,2021,118916
1117,32,1,Españoles,Hombres,2020,119696
1118,32,1,Españoles,Hombres,2019,120792
1119,32,1,Españoles,Mujeres,2021,112152
1120,32,1,Españoles,Mujeres,2020,113104
1121,32,1,Españoles,Mujeres,2019,113863
1122,32,1,Extranjeros,Hombres,2021,20462
1123,32,1,Extranjeros,Hombres,2020,21183
1124,32,1,Extranjeros,Hombres,2019,20754
1125,32,1,Extranjeros,Mujeres,2021,19106
1126,32,1,Extranjeros,Mujeres,2020,19789
1127,32,1,Extranjeros,Mujeres,2019,19343
1128,32,2,Españoles,Hombres,2021,422552
1129,32,2,Españoles,Hombres,2020,419811
1130,32,2,Españoles,Hombres,2019,417277
1131,32,2,Españoles,Mujeres,2021,416001
1132,32,2,Españoles,Mujeres,2020,413394
1133,32,2,Españoles,Mujeres,2019,411070
1134,32,2,Extranjeros,Hombres,2021,91635
1135,32,2,Extranjeros,Hombres,2020,91323
1136,32,2,Extranjeros,Hombres,2019,86403
1137,32,2,Extranjeros,Mujeres,2021,75351
1138,32,2,Extranjeros,Mujeres,2020,74984
1139,32,2,Extranjeros,Mujeres,2019,70993
1140,32,3,Españoles,Hombres,2021,98785
1141,32,3,Españoles,Hombres,2020,97138
1142,32,3,Españoles,Hombres,2019,95419
1143,32,3,Españoles,Mujeres,2021,127756
1144,32,3,Españoles,Mujeres,2020,125891
1145,32,3,Españoles,Mujeres,2019,124238
1146,32,3,Extranjeros,Hombres,2021,8012
1147,32,3,Extranjeros,Hombres,2020,7548
1148,32,3,Extranjeros,Hombres,2019,6970
1149,32,3,Extranjeros,Mujeres,2021,7758
1150,32,3,Extranjeros,Mujeres,2020,7390
1151,32,3,Extranjeros,Mujeres,2019,6776
1152,33,1,Españoles,Hombres,2021,48073
1153,33,1,Españoles,Hombres,2020,49000
1154,33,1,Españoles,Hombres,2019,49598
1155,33,1,Españoles,Mujeres,2021,45784
1156,33,1,Españoles,Mujeres,2020,46557
1157,33,1,Españoles,Mujeres,2019,47212
1158,33,1,Extranjeros,Hombres,2021,6609
1159,33,1,Extranjeros,Hombres,2020,6530
1160,33,1,Extranjeros,Hombres,2019,5860
1161,33,1,Extranjeros,Mujeres,2021,6326
1162,33,1,Extranjeros,Mujeres,2020,6175
1163,33,1,Extranjeros,Mujeres,2019,5596
1164,33,2,Españoles,Hombres,2021,185854
1165,33,2,Españoles,Hombres,2020,185754
1166,33,2,Españoles,Hombres,2019,185837
1167,33,2,Españoles,Mujeres,2021,180944
1168,33,2,Españoles,Mujeres,2020,180976
1169,33,2,Españoles,Mujeres,2019,181003
1170,33,2,Extranjeros,Hombres,2021,28431
1171,33,2,Extranjeros,Hombres,2020,28174
1172,33,2,Extranjeros,Hombres,2019,25721
1173,33,2,Extranjeros,Mujeres,2021,27575
1174,33,2,Extranjeros,Mujeres,2020,27384
1175,33,2,Extranjeros,Mujeres,2019,24996
1176,33,3,Españoles,Hombres,2021,57493
1177,33,3,Españoles,Hombres,2020,56823
1178,33,3,Españoles,Hombres,2019,55790
1179,33,3,Españoles,Mujeres,2021,71948
1180,33,3,Españoles,Mujeres,2020,71421
1181,33,3,Españoles,Mujeres,2019,70555
1182,33,3,Extranjeros,Hombres,2021,1005
1183,33,3,Extranjeros,Hombres,2020,945
1184,33,3,Extranjeros,Hombres,2019,825
1185,33,3,Extranjeros,Mujeres,2021,1495
1186,33,3,Extranjeros,Mujeres,2020,1458
1187,33,3,Extranjeros,Mujeres,2019,1221
1188,34,1,Españoles,Hombres,2021,15483
1189,34,1,Españoles,Hombres,2020,15616
1190,34,1,Españoles,Hombres,2019,15912
1191,34,1,Españoles,Mujeres,2021,14520
1192,34,1,Españoles,Mujeres,2020,14728
1193,34,1,Españoles,Mujeres,2019,15031
1194,34,1,Extranjeros,Hombres,2021,893
1195,34,1,Extranjeros,Hombres,2020,915
1196,34,1,Extranjeros,Hombres,2019,808
1197,34,1,Extranjeros,Mujeres,2021,909
1198,34,1,Extranjeros,Mujeres,2020,926
1199,34,1,Extranjeros,Mujeres,2019,806
1200,34,2,Españoles,Hombres,2021,82085
1201,34,2,Españoles,Hombres,2020,82742
1202,34,2,Españoles,Hombres,2019,83723
1203,34,2,Españoles,Mujeres,2021,82030
1204,34,2,Españoles,Mujeres,2020,82578
1205,34,2,Españoles,Mujeres,2019,83439
1206,34,2,Extranjeros,Hombres,2021,6056
1207,34,2,Extranjeros,Hombres,2020,5899
1208,34,2,Extranjeros,Hombres,2019,5431
1209,34,2,Extranjeros,Mujeres,2021,6780
1210,34,2,Extranjeros,Mujeres,2020,6565
1211,34,2,Extranjeros,Mujeres,2019,5957
1212,34,3,Españoles,Hombres,2021,41321
1213,34,3,Españoles,Hombres,2020,41292
1214,34,3,Españoles,Hombres,2019,41100
1215,34,3,Españoles,Mujeres,2021,53727
1216,34,3,Españoles,Mujeres,2020,54061
1217,34,3,Españoles,Mujeres,2019,54275
1218,34,3,Extranjeros,Hombres,2021,657
1219,34,3,Extranjeros,Hombres,2020,614
1220,34,3,Extranjeros,Hombres,2019,548
1221,34,3,Extranjeros,Mujeres,2021,762
1222,34,3,Extranjeros,Mujeres,2020,714
1223,34,3,Extranjeros,Mujeres,2019,621
1224,35,1,Españoles,Hombres,2021,9054
1225,35,1,Españoles,Hombres,2020,9190
1226,35,1,Españoles,Hombres,2019,9313
1227,35,1,Españoles,Mujeres,2021,8565
1228,35,1,Españoles,Mujeres,2020,8691
1229,35,1,Españoles,Mujeres,2019,8824
1230,35,1,Extranjeros,Hombres,2021,684
1231,35,1,Extranjeros,Hombres,2020,668
1232,35,1,Extranjeros,Hombres,2019,637
1233,35,1,Extranjeros,Mujeres,2021,582
1234,35,1,Extranjeros,Mujeres,2020,576
1235,35,1,Extranjeros,Mujeres,2019,544
1236,35,2,Españoles,Hombres,2021,47648
1237,35,2,Españoles,Hombres,2020,48424
1238,35,2,Españoles,Hombres,2019,49271
1239,35,2,Españoles,Mujeres,2021,45232
1240,35,2,Españoles,Mujeres,2020,45775
1241,35,2,Españoles,Mujeres,2019,46324
1242,35,2,Extranjeros,Hombres,2021,2798
1243,35,2,Extranjeros,Hombres,2020,2742
1244,35,2,Extranjeros,Hombres,2019,2497
1245,35,2,Extranjeros,Mujeres,2021,3008
1246,35,2,Extranjeros,Mujeres,2020,2947
1247,35,2,Extranjeros,Mujeres,2019,2736
1248,35,3,Españoles,Hombres,2021,18547
1249,35,3,Españoles,Hombres,2020,18328
1250,35,3,Españoles,Hombres,2019,18001
1251,35,3,Españoles,Mujeres,2021,22750
1252,35,3,Españoles,Mujeres,2020,22747
1253,35,3,Españoles,Mujeres,2019,22635
1254,35,3,Extranjeros,Hombres,2021,110
1255,35,3,Extranjeros,Hombres,2020,105
1256,35,3,Extranjeros,Hombres,2019,89
1257,35,3,Extranjeros,Mujeres,2021,145
1258,35,3,Extranjeros,Mujeres,2020,128
1259,35,3,Extranjeros,Mujeres,2019,109
1260,36,1,Españoles,Hombres,2021,70933
1261,36,1,Españoles,Hombres,2020,73519
1262,36,1,Españoles,Hombres,2019,75372
1263,36,1,Españoles,Mujeres,2021,67356
1264,36,1,Españoles,Mujeres,2020,69908
1265,36,1,Españoles,Mujeres,2019,71684
1266,36,1,Extranjeros,Hombres,2021,8373
1267,36,1,Extranjeros,Hombres,2020,8631
1268,36,1,Extranjeros,Hombres,2019,8237
1269,36,1,Extranjeros,Mujeres,2021,7850
1270,36,1,Extranjeros,Mujeres,2020,8107
1271,36,1,Extranjeros,Mujeres,2019,7596
1272,36,2,Españoles,Hombres,2021,346141
1273,36,2,Españoles,Hombres,2020,345855
1274,36,2,Españoles,Hombres,2019,345185
1275,36,2,Españoles,Mujeres,2021,338691
1276,36,2,Españoles,Mujeres,2020,338171
1277,36,2,Españoles,Mujeres,2019,337078
1278,36,2,Extranjeros,Hombres,2021,55196
1279,36,2,Extranjeros,Hombres,2020,56518
1280,36,2,Extranjeros,Hombres,2019,53292
1281,36,2,Extranjeros,Mujeres,2021,55903
1282,36,2,Extranjeros,Mujeres,2020,57378
1283,36,2,Extranjeros,Mujeres,2019,54195
1284,36,3,Españoles,Hombres,2021,72359
1285,36,3,Españoles,Hombres,2020,70125
1286,36,3,Españoles,Hombres,2019,68092
1287,36,3,Españoles,Mujeres,2021,89161
1288,36,3,Españoles,Mujeres,2020,86766
1289,36,3,Españoles,Mujeres,2019,84435
1290,36,3,Extranjeros,Hombres,2021,8279
1291,36,3,Extranjeros,Hombres,2020,8046
1292,36,3,Extranjeros,Hombres,2019,7596
1293,36,3,Extranjeros,Mujeres,2021,8297
1294,36,3,Extranjeros,Mujeres,2020,8041
1295,36,3,Extranjeros,Mujeres,2019,7644
1296,37,1,Españoles,Hombres,2021,62554
1297,37,1,Españoles,Hombres,2020,63861
1298,37,1,Españoles,Hombres,2019,64843
1299,37,1,Españoles,Mujeres,2021,58437
1300,37,1,Españoles,Mujeres,2020,59559
1301,37,1,Españoles,Mujeres,2019,60598
1302,37,1,Extranjeros,Hombres,2021,2239
1303,37,1,Extranjeros,Hombres,2020,2254
1304,37,1,Extranjeros,Hombres,2019,1983
1305,37,1,Extranjeros,Mujeres,2021,2214
1306,37,1,Extranjeros,Mujeres,2020,2249
1307,37,1,Extranjeros,Mujeres,2019,1951
1308,37,2,Españoles,Hombres,2021,283575
1309,37,2,Españoles,Hombres,2020,284400
1310,37,2,Españoles,Hombres,2019,285445
1311,37,2,Españoles,Mujeres,2021,285567
1312,37,2,Españoles,Mujeres,2020,286751
1313,37,2,Españoles,Mujeres,2019,288237
1314,37,2,Extranjeros,Hombres,2021,14751
1315,37,2,Extranjeros,Hombres,2020,14646
1316,37,2,Extranjeros,Hombres,2019,13405
1317,37,2,Extranjeros,Mujeres,2021,16113
1318,37,2,Extranjeros,Mujeres,2020,15996
1319,37,2,Extranjeros,Mujeres,2019,14331
1320,37,3,Españoles,Hombres,2021,91569
1321,37,3,Españoles,Hombres,2020,90078
1322,37,3,Españoles,Hombres,2019,88510
1323,37,3,Españoles,Mujeres,2021,124555
1324,37,3,Españoles,Mujeres,2020,122959
1325,37,3,Españoles,Mujeres,2019,121026
1326,37,3,Extranjeros,Hombres,2021,1222
1327,37,3,Extranjeros,Hombres,2020,1213
1328,37,3,Extranjeros,Hombres,2019,1100
1329,37,3,Extranjeros,Mujeres,2021,1479
1330,37,3,Extranjeros,Mujeres,2020,1442
1331,37,3,Extranjeros,Mujeres,2019,1236
1332,38,1,Españoles,Hombres,2021,20868
1333,38,1,Españoles,Hombres,2020,21255
1334,38,1,Españoles,Hombres,2019,21517
1335,38,1,Españoles,Mujeres,2021,19687
1336,38,1,Españoles,Mujeres,2020,20162
1337,38,1,Españoles,Mujeres,2019,20443
1338,38,1,Extranjeros,Hombres,2021,4088
1339,38,1,Extranjeros,Hombres,2020,4014
1340,38,1,Extranjeros,Hombres,2019,3757
1341,38,1,Extranjeros,Mujeres,2021,3801
1342,38,1,Extranjeros,Mujeres,2020,3695
1343,38,1,Extranjeros,Mujeres,2019,3431
1344,38,2,Españoles,Hombres,2021,87004
1345,38,2,Españoles,Hombres,2020,87204
1346,38,2,Españoles,Hombres,2019,87288
1347,38,2,Españoles,Mujeres,2021,84910
1348,38,2,Españoles,Mujeres,2020,85079
1349,38,2,Españoles,Mujeres,2019,85174
1350,38,2,Extranjeros,Hombres,2021,15688
1351,38,2,Extranjeros,Hombres,2020,15436
1352,38,2,Extranjeros,Hombres,2019,14230
1353,38,2,Extranjeros,Mujeres,2021,15914
1354,38,2,Extranjeros,Mujeres,2020,15748
1355,38,2,Extranjeros,Mujeres,2019,14709
1356,38,3,Españoles,Hombres,2021,29641
1357,38,3,Españoles,Hombres,2020,29433
1358,38,3,Españoles,Hombres,2019,28957
1359,38,3,Españoles,Mujeres,2021,36795
1360,38,3,Españoles,Mujeres,2020,36571
1361,38,3,Españoles,Mujeres,2019,36189
1362,38,3,Extranjeros,Hombres,2021,534
1363,38,3,Extranjeros,Hombres,2020,493
1364,38,3,Extranjeros,Hombres,2019,430
1365,38,3,Extranjeros,Mujeres,2021,866
1366,38,3,Extranjeros,Mujeres,2020,824
1367,38,3,Extranjeros,Mujeres,2019,673
1368,39,1,Españoles,Hombres,2021,19175
1369,39,1,Españoles,Hombres,2020,19531
1370,39,1,Españoles,Hombres,2019,19952
1371,39,1,Españoles,Mujeres,2021,18017
1372,39,1,Españoles,Mujeres,2020,18446
1373,39,1,Españoles,Mujeres,2019,18782
1374,39,1,Extranjeros,Hombres,2021,981
1375,39,1,Extranjeros,Hombres,2020,984
1376,39,1,Extranjeros,Hombres,2019,909
1377,39,1,Extranjeros,Mujeres,2021,1088
1378,39,1,Extranjeros,Mujeres,2020,1056
1379,39,1,Extranjeros,Mujeres,2019,949
1380,39,2,Españoles,Hombres,2021,94346
1381,39,2,Españoles,Hombres,2020,94954
1382,39,2,Españoles,Hombres,2019,96188
1383,39,2,Españoles,Mujeres,2021,93439
1384,39,2,Españoles,Mujeres,2020,93834
1385,39,2,Españoles,Mujeres,2019,94798
1386,39,2,Extranjeros,Hombres,2021,5807
1387,39,2,Extranjeros,Hombres,2020,5675
1388,39,2,Extranjeros,Hombres,2019,4977
1389,39,2,Extranjeros,Mujeres,2021,6669
1390,39,2,Extranjeros,Mujeres,2020,6468
1391,39,2,Extranjeros,Mujeres,2019,5827
1392,39,3,Españoles,Hombres,2021,38255
1393,39,3,Españoles,Hombres,2020,38478
1394,39,3,Españoles,Hombres,2019,38065
1395,39,3,Españoles,Mujeres,2021,48837
1396,39,3,Españoles,Mujeres,2020,49109
1397,39,3,Españoles,Mujeres,2019,49047
1398,39,3,Extranjeros,Hombres,2021,310
1399,39,3,Extranjeros,Hombres,2020,307
1400,39,3,Extranjeros,Hombres,2019,273
1401,39,3,Extranjeros,Mujeres,2021,414
1402,39,3,Extranjeros,Mujeres,2020,403
1403,39,3,Extranjeros,Mujeres,2019,352
1404,40,1,Españoles,Hombres,2021,63933
1405,40,1,Españoles,Hombres,2020,65611
1406,40,1,Españoles,Hombres,2019,66718
1407,40,1,Españoles,Mujeres,2021,60617
1408,40,1,Españoles,Mujeres,2020,62298
1409,40,1,Españoles,Mujeres,2019,63293
1410,40,1,Extranjeros,Hombres,2021,8270
1411,40,1,Extranjeros,Hombres,2020,8587
1412,40,1,Extranjeros,Hombres,2019,8387
1413,40,1,Extranjeros,Mujeres,2021,7880
1414,40,1,Extranjeros,Mujeres,2020,8258
1415,40,1,Extranjeros,Mujeres,2019,7986
1416,40,2,Españoles,Hombres,2021,307283
1417,40,2,Españoles,Hombres,2020,307166
1418,40,2,Españoles,Hombres,2019,305903
1419,40,2,Españoles,Mujeres,2021,305648
1420,40,2,Españoles,Mujeres,2020,305179
1421,40,2,Españoles,Mujeres,2019,304078
1422,40,2,Extranjeros,Hombres,2021,52369
1423,40,2,Extranjeros,Hombres,2020,53491
1424,40,2,Extranjeros,Hombres,2019,50746
1425,40,2,Extranjeros,Mujeres,2021,55242
1426,40,2,Extranjeros,Mujeres,2020,56153
1427,40,2,Extranjeros,Mujeres,2019,52960
1428,40,3,Españoles,Hombres,2021,71284
1429,40,3,Españoles,Hombres,2020,69281
1430,40,3,Españoles,Hombres,2019,67350
1431,40,3,Españoles,Mujeres,2021,91712
1432,40,3,Españoles,Mujeres,2020,89531
1433,40,3,Españoles,Mujeres,2019,87167
1434,40,3,Extranjeros,Hombres,2021,9760
1435,40,3,Extranjeros,Hombres,2020,9355
1436,40,3,Extranjeros,Hombres,2019,9093
1437,40,3,Extranjeros,Mujeres,2021,10407
1438,40,3,Extranjeros,Mujeres,2020,9977
1439,40,3,Extranjeros,Mujeres,2019,9302
1440,41,1,Españoles,Hombres,2021,9134
1441,41,1,Españoles,Hombres,2020,9180
1442,41,1,Españoles,Hombres,2019,9365
1443,41,1,Españoles,Mujeres,2021,8681
1444,41,1,Españoles,Mujeres,2020,8708
1445,41,1,Españoles,Mujeres,2019,8795
1446,41,1,Extranjeros,Hombres,2021,1693
1447,41,1,Extranjeros,Hombres,2020,1746
1448,41,1,Extranjeros,Hombres,2019,1666
1449,41,1,Extranjeros,Mujeres,2021,1595
1450,41,1,Extranjeros,Mujeres,2020,1631
1451,41,1,Extranjeros,Mujeres,2019,1578
1452,41,2,Españoles,Hombres,2021,43716
1453,41,2,Españoles,Hombres,2020,43541
1454,41,2,Españoles,Hombres,2019,43835
1455,41,2,Españoles,Mujeres,2021,40104
1456,41,2,Españoles,Mujeres,2020,39784
1457,41,2,Españoles,Mujeres,2019,40081
1458,41,2,Extranjeros,Hombres,2021,6846
1459,41,2,Extranjeros,Hombres,2020,6839
1460,41,2,Extranjeros,Hombres,2019,6385
1461,41,2,Extranjeros,Mujeres,2021,7261
1462,41,2,Extranjeros,Mujeres,2020,7170
1463,41,2,Extranjeros,Mujeres,2019,6729
1464,41,3,Españoles,Hombres,2021,15425
1465,41,3,Españoles,Hombres,2020,15484
1466,41,3,Españoles,Hombres,2019,15363
1467,41,3,Españoles,Mujeres,2021,18581
1468,41,3,Españoles,Mujeres,2020,18816
1469,41,3,Españoles,Mujeres,2019,18826
1470,41,3,Extranjeros,Hombres,2021,257
1471,41,3,Extranjeros,Hombres,2020,243
1472,41,3,Extranjeros,Hombres,2019,199
1473,41,3,Extranjeros,Mujeres,2021,370
1474,41,3,Extranjeros,Mujeres,2020,336
1475,41,3,Extranjeros,Mujeres,2019,307
1476,42,1,Españoles,Hombres,2021,165644
1477,42,1,Españoles,Hombres,2020,168975
1478,42,1,Españoles,Hombres,2019,171561
1479,42,1,Españoles,Mujeres,2021,156142
1480,42,1,Españoles,Mujeres,2020,159568
1481,42,1,Españoles,Mujeres,2019,162100
1482,42,1,Extranjeros,Hombres,2021,5323
1483,42,1,Extranjeros,Hombres,2020,5397
1484,42,1,Extranjeros,Hombres,2019,4855
1485,42,1,Extranjeros,Mujeres,2021,5177
1486,42,1,Extranjeros,Mujeres,2020,5264
1487,42,1,Extranjeros,Mujeres,2019,4736
1488,42,2,Españoles,Hombres,2021,609628
1489,42,2,Españoles,Hombres,2020,610721
1490,42,2,Españoles,Hombres,2019,610696
1491,42,2,Españoles,Mujeres,2021,610730
1492,42,2,Españoles,Mujeres,2020,611500
1493,42,2,Españoles,Mujeres,2019,611468
1494,42,2,Extranjeros,Hombres,2021,29313
1495,42,2,Extranjeros,Hombres,2020,28753
1496,42,2,Extranjeros,Hombres,2019,26052
1497,42,2,Extranjeros,Mujeres,2021,34223
1498,42,2,Extranjeros,Mujeres,2020,33535
1499,42,2,Extranjeros,Mujeres,2019,30308
1500,42,3,Españoles,Hombres,2021,139710
1501,42,3,Españoles,Hombres,2020,137422
1502,42,3,Españoles,Hombres,2019,134760
1503,42,3,Españoles,Mujeres,2021,188472
1504,42,3,Españoles,Mujeres,2020,185746
1505,42,3,Españoles,Mujeres,2019,182917
1506,42,3,Extranjeros,Hombres,2021,1465
1507,42,3,Extranjeros,Hombres,2020,1427
1508,42,3,Extranjeros,Hombres,2019,1288
1509,42,3,Extranjeros,Mujeres,2021,2025
1510,42,3,Extranjeros,Mujeres,2020,1911
1511,42,3,Extranjeros,Mujeres,2019,1648
1512,43,1,Españoles,Hombres,2021,5096
1513,43,1,Españoles,Hombres,2020,5172
1514,43,1,Españoles,Hombres,2019,5212
1515,43,1,Españoles,Mujeres,2021,4791
1516,43,1,Españoles,Mujeres,2020,4877
1517,43,1,Españoles,Mujeres,2019,4999
1518,43,1,Extranjeros,Hombres,2021,808
1519,43,1,Extranjeros,Hombres,2020,755
1520,43,1,Extranjeros,Hombres,2019,680
1521,43,1,Extranjeros,Mujeres,2021,767
1522,43,1,Extranjeros,Mujeres,2020,724
1523,43,1,Extranjeros,Mujeres,2019,672
1524,43,2,Españoles,Hombres,2021,25008
1525,43,2,Españoles,Hombres,2020,25112
1526,43,2,Españoles,Hombres,2019,25370
1527,43,2,Españoles,Mujeres,2021,22895
1528,43,2,Españoles,Mujeres,2020,22933
1529,43,2,Españoles,Mujeres,2019,23062
1530,43,2,Extranjeros,Hombres,2021,3658
1531,43,2,Extranjeros,Hombres,2020,3427
1532,43,2,Extranjeros,Hombres,2019,3135
1533,43,2,Extranjeros,Mujeres,2021,3283
1534,43,2,Extranjeros,Mujeres,2020,3149
1535,43,2,Extranjeros,Mujeres,2019,2759
1536,43,3,Españoles,Hombres,2021,10247
1537,43,3,Españoles,Hombres,2020,10373
1538,43,3,Españoles,Hombres,2019,10335
1539,43,3,Españoles,Mujeres,2021,11953
1540,43,3,Españoles,Mujeres,2020,12146
1541,43,3,Españoles,Mujeres,2019,12220
1542,43,3,Extranjeros,Hombres,2021,103
1543,43,3,Extranjeros,Hombres,2020,88
1544,43,3,Extranjeros,Hombres,2019,82
1545,43,3,Extranjeros,Mujeres,2021,138
1546,43,3,Extranjeros,Mujeres,2020,128
1547,43,3,Extranjeros,Mujeres,2019,110
1548,44,1,Españoles,Hombres,2021,56970
1549,44,1,Españoles,Hombres,2020,57689
1550,44,1,Españoles,Hombres,2019,58183
1551,44,1,Españoles,Mujeres,2021,53276
1552,44,1,Españoles,Mujeres,2020,53973
1553,44,1,Españoles,Mujeres,2019,54461
1554,44,1,Extranjeros,Hombres,2021,12254
1555,44,1,Extranjeros,Hombres,2020,12450
1556,44,1,Extranjeros,Hombres,2019,11879
1557,44,1,Extranjeros,Mujeres,2021,11808
1558,44,1,Extranjeros,Mujeres,2020,11799
1559,44,1,Extranjeros,Mujeres,2019,11349
1560,44,2,Españoles,Hombres,2021,215246
1561,44,2,Españoles,Hombres,2020,213433
1562,44,2,Españoles,Hombres,2019,212518
1563,44,2,Españoles,Mujeres,2021,209209
1564,44,2,Españoles,Mujeres,2020,207450
1565,44,2,Españoles,Mujeres,2019,206995
1566,44,2,Extranjeros,Hombres,2021,54885
1567,44,2,Extranjeros,Hombres,2020,54707
1568,44,2,Extranjeros,Hombres,2019,50390
1569,44,2,Extranjeros,Mujeres,2021,50084
1570,44,2,Extranjeros,Mujeres,2020,49851
1571,44,2,Extranjeros,Mujeres,2019,46955
1572,44,3,Españoles,Hombres,2021,67304
1573,44,3,Españoles,Hombres,2020,66098
1574,44,3,Españoles,Hombres,2019,64911
1575,44,3,Españoles,Mujeres,2021,82819
1576,44,3,Españoles,Mujeres,2020,81336
1577,44,3,Españoles,Mujeres,2019,79828
1578,44,3,Extranjeros,Hombres,2021,3997
1579,44,3,Extranjeros,Hombres,2020,3765
1580,44,3,Extranjeros,Hombres,2019,3377
1581,44,3,Extranjeros,Mujeres,2021,4457
1582,44,3,Extranjeros,Mujeres,2020,4221
1583,44,3,Extranjeros,Mujeres,2019,3818
1584,45,1,Españoles,Hombres,2021,7921
1585,45,1,Españoles,Hombres,2020,7966
1586,45,1,Españoles,Hombres,2019,8064
1587,45,1,Españoles,Mujeres,2021,7608
1588,45,1,Españoles,Mujeres,2020,7628
1589,45,1,Españoles,Mujeres,2019,7705
1590,45,1,Extranjeros,Hombres,2021,1503
1591,45,1,Extranjeros,Hombres,2020,1473
1592,45,1,Extranjeros,Hombres,2019,1397
1593,45,1,Extranjeros,Mujeres,2021,1483
1594,45,1,Extranjeros,Mujeres,2020,1433
1595,45,1,Extranjeros,Mujeres,2019,1377
1596,45,2,Españoles,Hombres,2021,37885
1597,45,2,Españoles,Hombres,2020,37786
1598,45,2,Españoles,Hombres,2019,38046
1599,45,2,Españoles,Mujeres,2021,34312
1600,45,2,Españoles,Mujeres,2020,34320
1601,45,2,Españoles,Mujeres,2019,34531
1602,45,2,Extranjeros,Hombres,2021,6153
1603,45,2,Extranjeros,Hombres,2020,5948
1604,45,2,Extranjeros,Hombres,2019,5580
1605,45,2,Extranjeros,Mujeres,2021,5619
1606,45,2,Extranjeros,Mujeres,2020,5474
1607,45,2,Extranjeros,Mujeres,2019,5120
1608,45,3,Españoles,Hombres,2021,14610
1609,45,3,Españoles,Hombres,2020,14614
1610,45,3,Españoles,Hombres,2019,14679
1611,45,3,Españoles,Mujeres,2021,16970
1612,45,3,Españoles,Mujeres,2020,17106
1613,45,3,Españoles,Mujeres,2019,17267
1614,45,3,Extranjeros,Hombres,2021,215
1615,45,3,Extranjeros,Hombres,2020,188
1616,45,3,Extranjeros,Hombres,2019,161
1617,45,3,Extranjeros,Mujeres,2021,266
1618,45,3,Extranjeros,Mujeres,2020,240
1619,45,3,Extranjeros,Mujeres,2019,210
1620,46,1,Españoles,Hombres,2021,54801
1621,46,1,Españoles,Hombres,2020,55229
1622,46,1,Españoles,Hombres,2019,55482
1623,46,1,Españoles,Mujeres,2021,51450
1624,46,1,Españoles,Mujeres,2020,51833
1625,46,1,Españoles,Mujeres,2019,52258
1626,46,1,Extranjeros,Hombres,2021,7106
1627,46,1,Extranjeros,Hombres,2020,7064
1628,46,1,Extranjeros,Hombres,2019,6474
1629,46,1,Extranjeros,Mujeres,2021,6909
1630,46,1,Extranjeros,Mujeres,2020,6941
1631,46,1,Extranjeros,Mujeres,2019,6358
1632,46,2,Españoles,Hombres,2021,208828
1633,46,2,Españoles,Hombres,2020,206365
1634,46,2,Españoles,Hombres,2019,205858
1635,46,2,Españoles,Mujeres,2021,196950
1636,46,2,Españoles,Mujeres,2020,194436
1637,46,2,Españoles,Mujeres,2019,193650
1638,46,2,Extranjeros,Hombres,2021,28317
1639,46,2,Extranjeros,Hombres,2020,27905
1640,46,2,Extranjeros,Hombres,2019,25329
1641,46,2,Extranjeros,Mujeres,2021,28052
1642,46,2,Extranjeros,Mujeres,2020,27657
1643,46,2,Extranjeros,Mujeres,2019,25059
1644,46,3,Españoles,Hombres,2021,56369
1645,46,3,Españoles,Hombres,2020,56065
1646,46,3,Españoles,Hombres,2019,55165
1647,46,3,Españoles,Mujeres,2021,68005
1648,46,3,Españoles,Mujeres,2020,67877
1649,46,3,Españoles,Mujeres,2019,67205
1650,46,3,Extranjeros,Hombres,2021,997
1651,46,3,Extranjeros,Hombres,2020,920
1652,46,3,Extranjeros,Hombres,2019,782
1653,46,3,Extranjeros,Mujeres,2021,1619
1654,46,3,Extranjeros,Mujeres,2020,1480
1655,46,3,Extranjeros,Mujeres,2019,1224
1656,47,1,Españoles,Hombres,2021,179771
1657,47,1,Españoles,Hombres,2020,183995
1658,47,1,Españoles,Hombres,2019,186796
1659,47,1,Españoles,Mujeres,2021,170230
1660,47,1,Españoles,Mujeres,2020,174142
1661,47,1,Españoles,Mujeres,2019,177232
1662,47,1,Extranjeros,Hombres,2021,23960
1663,47,1,Extranjeros,Hombres,2020,24119
1664,47,1,Extranjeros,Hombres,2019,22277
1665,47,1,Extranjeros,Mujeres,2021,21891
1666,47,1,Extranjeros,Mujeres,2020,22057
1667,47,1,Extranjeros,Mujeres,2019,20301
1668,47,2,Españoles,Hombres,2021,735588
1669,47,2,Españoles,Hombres,2020,736065
1670,47,2,Españoles,Hombres,2019,735690
1671,47,2,Españoles,Mujeres,2021,728512
1672,47,2,Españoles,Mujeres,2020,729128
1673,47,2,Españoles,Mujeres,2019,728886
1674,47,2,Extranjeros,Hombres,2021,113864
1675,47,2,Extranjeros,Hombres,2020,113872
1676,47,2,Extranjeros,Hombres,2019,104223
1677,47,2,Extranjeros,Mujeres,2021,113251
1678,47,2,Extranjeros,Mujeres,2020,113059
1679,47,2,Extranjeros,Mujeres,2019,103610
1680,47,3,Españoles,Hombres,2021,207496
1681,47,3,Españoles,Hombres,2020,204465
1682,47,3,Españoles,Hombres,2019,201263
1683,47,3,Españoles,Mujeres,2021,278667
1684,47,3,Españoles,Mujeres,2020,275559
1685,47,3,Españoles,Mujeres,2019,271409
1686,47,3,Extranjeros,Hombres,2021,7282
1687,47,3,Extranjeros,Hombres,2020,6950
1688,47,3,Extranjeros,Hombres,2019,6101
1689,47,3,Extranjeros,Mujeres,2021,8800
1690,47,3,Extranjeros,Mujeres,2020,8464
1691,47,3,Extranjeros,Mujeres,2019,7336
1692,48,1,Españoles,Hombres,2021,34084
1693,48,1,Españoles,Hombres,2020,34841
1694,48,1,Españoles,Hombres,2019,35525
1695,48,1,Españoles,Mujeres,2021,32417
1696,48,1,Españoles,Mujeres,2020,33085
1697,48,1,Españoles,Mujeres,2019,33721
1698,48,1,Extranjeros,Hombres,2021,2424
1699,48,1,Extranjeros,Hombres,2020,2309
1700,48,1,Extranjeros,Hombres,2019,2141
1701,48,1,Extranjeros,Mujeres,2021,2379
1702,48,1,Extranjeros,Mujeres,2020,2271
1703,48,1,Extranjeros,Mujeres,2019,2034
1704,48,2,Españoles,Hombres,2021,151311
1705,48,2,Españoles,Hombres,2020,152421
1706,48,2,Españoles,Hombres,2019,153472
1707,48,2,Españoles,Mujeres,2021,151343
1708,48,2,Españoles,Mujeres,2020,152535
1709,48,2,Españoles,Mujeres,2019,153661
1710,48,2,Extranjeros,Hombres,2021,11158
1711,48,2,Extranjeros,Hombres,2020,10644
1712,48,2,Extranjeros,Hombres,2019,9710
1713,48,2,Extranjeros,Mujeres,2021,11835
1714,48,2,Extranjeros,Mujeres,2020,11137
1715,48,2,Extranjeros,Mujeres,2019,10098
1716,48,3,Españoles,Hombres,2021,53412
1717,48,3,Españoles,Hombres,2020,52915
1718,48,3,Españoles,Hombres,2019,52018
1719,48,3,Españoles,Mujeres,2021,67934
1720,48,3,Españoles,Mujeres,2020,67530
1721,48,3,Españoles,Mujeres,2019,66366
1722,48,3,Extranjeros,Hombres,2021,454
1723,48,3,Extranjeros,Hombres,2020,410
1724,48,3,Extranjeros,Hombres,2019,350
1725,48,3,Extranjeros,Mujeres,2021,610
1726,48,3,Extranjeros,Mujeres,2020,551
1727,48,3,Extranjeros,Mujeres,2019,450
1728,49,1,Españoles,Hombres,2021,8129
1729,49,1,Españoles,Hombres,2020,8285
1730,49,1,Españoles,Hombres,2019,8461
1731,49,1,Españoles,Mujeres,2021,7583
1732,49,1,Españoles,Mujeres,2020,7806
1733,49,1,Españoles,Mujeres,2019,8036
1734,49,1,Extranjeros,Hombres,2021,529
1735,49,1,Extranjeros,Hombres,2020,515
1736,49,1,Extranjeros,Hombres,2019,478
1737,49,1,Extranjeros,Mujeres,2021,428
1738,49,1,Extranjeros,Mujeres,2020,442
1739,49,1,Extranjeros,Mujeres,2019,410
1740,49,2,Españoles,Hombres,2021,48849
1741,49,2,Españoles,Hombres,2020,49542
1742,49,2,Españoles,Hombres,2019,50453
1743,49,2,Españoles,Mujeres,2021,45638
1744,49,2,Españoles,Mujeres,2020,46147
1745,49,2,Españoles,Mujeres,2019,46896
1746,49,2,Extranjeros,Hombres,2021,2305
1747,49,2,Extranjeros,Hombres,2020,2242
1748,49,2,Extranjeros,Hombres,2019,2192
1749,49,2,Extranjeros,Mujeres,2021,2610
1750,49,2,Extranjeros,Mujeres,2020,2559
1751,49,2,Extranjeros,Mujeres,2019,2409
1752,49,3,Españoles,Hombres,2021,23583
1753,49,3,Españoles,Hombres,2020,23640
1754,49,3,Españoles,Hombres,2019,23629
1755,49,3,Españoles,Mujeres,2021,28697
1756,49,3,Españoles,Mujeres,2020,29071
1757,49,3,Españoles,Mujeres,2019,29282
1758,49,3,Extranjeros,Hombres,2021,156
1759,49,3,Extranjeros,Hombres,2020,145
1760,49,3,Extranjeros,Hombres,2019,128
1761,49,3,Extranjeros,Mujeres,2021,218
1762,49,3,Extranjeros,Mujeres,2020,194
1763,49,3,Extranjeros,Mujeres,2019,165
1764,50,1,Españoles,Hombres,2021,63663
1765,50,1,Españoles,Hombres,2020,64843
1766,50,1,Españoles,Hombres,2019,65802
1767,50,1,Españoles,Mujeres,2021,59890
1768,50,1,Españoles,Mujeres,2020,61114
1769,50,1,Españoles,Mujeres,2019,62064
1770,50,1,Extranjeros,Hombres,2021,10222
1771,50,1,Extranjeros,Hombres,2020,10280
1772,50,1,Extranjeros,Hombres,2019,9681
1773,50,1,Extranjeros,Mujeres,2021,9663
1774,50,1,Extranjeros,Mujeres,2020,9718
1775,50,1,Extranjeros,Mujeres,2019,9112
1776,50,2,Españoles,Hombres,2021,262950
1777,50,2,Españoles,Hombres,2020,264195
1778,50,2,Españoles,Hombres,2019,264922
1779,50,2,Españoles,Mujeres,2021,259156
1780,50,2,Españoles,Mujeres,2020,259882
1781,50,2,Españoles,Mujeres,2019,260723
1782,50,2,Extranjeros,Hombres,2021,47799
1783,50,2,Extranjeros,Hombres,2020,48081
1784,50,2,Extranjeros,Hombres,2019,44157
1785,50,2,Extranjeros,Mujeres,2021,46863
1786,50,2,Extranjeros,Mujeres,2020,47857
1787,50,2,Extranjeros,Mujeres,2019,44447
1788,50,3,Españoles,Hombres,2021,87204
1789,50,3,Españoles,Hombres,2020,86793
1790,50,3,Españoles,Hombres,2019,85803
1791,50,3,Españoles,Mujeres,2021,116303
1792,50,3,Españoles,Mujeres,2020,116234
1793,50,3,Españoles,Mujeres,2019,115001
1794,50,3,Extranjeros,Hombres,2021,1516
1795,50,3,Extranjeros,Hombres,2020,1410
1796,50,3,Extranjeros,Hombres,2019,1174
1797,50,3,Extranjeros,Mujeres,2021,2223
1798,50,3,Extranjeros,Mujeres,2020,2121
1799,50,3,Extranjeros,Mujeres,2019,1807
1800,51,1,Españoles,Hombres,2021,8428
1801,51,1,Españoles,Hombres,2020,8762
1802,51,1,Españoles,Hombres,2019,8974
1803,51,1,Españoles,Mujeres,2021,8152
1804,51,1,Españoles,Mujeres,2020,8445
1805,51,1,Españoles,Mujeres,2019,8614
1806,51,1,Extranjeros,Hombres,2021,381
1807,51,1,Extranjeros,Hombres,2020,442
1808,51,1,Extranjeros,Hombres,2019,510
1809,51,1,Extranjeros,Mujeres,2021,346
1810,51,1,Extranjeros,Mujeres,2020,395
1811,51,1,Extranjeros,Mujeres,2019,446
1812,51,2,Españoles,Hombres,2021,26687
1813,51,2,Españoles,Hombres,2020,26585
1814,51,2,Españoles,Hombres,2019,26807
1815,51,2,Españoles,Mujeres,2021,24886
1816,51,2,Españoles,Mujeres,2020,24883
1817,51,2,Españoles,Mujeres,2019,24972
1818,51,2,Extranjeros,Hombres,2021,2066
1819,51,2,Extranjeros,Hombres,2020,2222
1820,51,2,Extranjeros,Hombres,2019,2216
1821,51,2,Extranjeros,Mujeres,2021,2259
1822,51,2,Extranjeros,Mujeres,2020,2324
1823,51,2,Extranjeros,Mujeres,2019,2309
1824,51,3,Españoles,Hombres,2021,4494
1825,51,3,Españoles,Hombres,2020,4373
1826,51,3,Españoles,Hombres,2019,4247
1827,51,3,Españoles,Mujeres,2021,5503
1828,51,3,Españoles,Mujeres,2020,5449
1829,51,3,Españoles,Mujeres,2019,5371
1830,51,3,Extranjeros,Hombres,2021,152
1831,51,3,Extranjeros,Hombres,2020,158
1832,51,3,Extranjeros,Hombres,2019,158
1833,51,3,Extranjeros,Mujeres,2021,163
1834,51,3,Extranjeros,Mujeres,2020,164
1835,51,3,Extranjeros,Mujeres,2019,153
1836,52,1,Españoles,Hombres,2021,9033
1837,52,1,Españoles,Hombres,2020,9090
1838,52,1,Españoles,Hombres,2019,9100
1839,52,1,Españoles,Mujeres,2021,8666
1840,52,1,Españoles,Mujeres,2020,8716
1841,52,1,Españoles,Mujeres,2019,8702
1842,52,1,Extranjeros,Hombres,2021,1405
1843,52,1,Extranjeros,Hombres,2020,1628
1844,52,1,Extranjeros,Hombres,2019,1656
1845,52,1,Extranjeros,Mujeres,2021,1291
1846,52,1,Extranjeros,Mujeres,2020,1464
1847,52,1,Extranjeros,Mujeres,2019,1468
1848,52,2,Españoles,Hombres,2021,24646
1849,52,2,Españoles,Hombres,2020,24775
1850,52,2,Españoles,Hombres,2019,24709
1851,52,2,Españoles,Mujeres,2021,22897
1852,52,2,Españoles,Mujeres,2020,22859
1853,52,2,Españoles,Mujeres,2019,22699
1854,52,2,Extranjeros,Hombres,2021,4323
1855,52,2,Extranjeros,Hombres,2020,4553
1856,52,2,Extranjeros,Hombres,2019,4497
1857,52,2,Extranjeros,Mujeres,2021,4682
1858,52,2,Extranjeros,Mujeres,2020,4785
1859,52,2,Extranjeros,Mujeres,2019,4780
1860,52,3,Españoles,Hombres,2021,3775
1861,52,3,Españoles,Hombres,2020,3669
1862,52,3,Españoles,Hombres,2019,3510
1863,52,3,Españoles,Mujeres,2021,4633
1864,52,3,Españoles,Mujeres,2020,4604
1865,52,3,Españoles,Mujeres,2019,4501
1866,52,3,Extranjeros,Hombres,2021,421
1867,52,3,Extranjeros,Hombres,2020,447
1868,52,3,Extranjeros,Hombres,2019,422
1869,52,3,Extranjeros,Mujeres,2021,489
1870,52,3,Extranjeros,Mujeres,2020,486
1871,52,3,Extranjeros,Mujeres,2019,443
